use bdd_initial;

INSERT INTO `lmcs_conf_journal` (`Conf_Journal_id`, `acronyme`, `nom`, `p_type`, `periodicite`, `lien`, `core_classification`, `scimago_classification`, `qualis_classification`, `dgrsdt_classification`,`maison_edition`) VALUES
(1,'ACM SIGCOMM','Computer Communication Review','','','','','','','',''),
(2,'TALN','conference sur le Traitement Automatique des Langues Naturelles','Conference','','','','','','',''),
(3,'IC','Ingenierie des Connaissances','','','','','','','',''),
(4,'Ad Hoc','Ad Hoc Networks','','','','','','','',''),
(5,'','Advanced Approaches to Intelligent Information and Database Systems','','','','','','','',''),
(6,'','International Conference on Advances in Brain Inspired Cognitive Systems','Conference','','','','','','',''),
(7,'','International Work-Conference on Advances in Computational Intelligence','Conference','','','','','','',''),
(8,'','Advances in Decision Making','','','','','','','',''),
(9,'','Advances in Visual Informatics: International Visual Informatics','','','','','','','',''),
(10,'ICWL','International Conference on Advances in Web-Based Learning','Conference','','','','','','',''),
(11,'AEU','International Journal of Electronics and Communications','Journal','','','','','','',''),
(12,'AIP','AIP Conference Proceedings','Conference','','','','','','',''),
(13,'','Alger','','','','','','','',''),
(14,'','Algorithms','','','','','','','',''),
(15,'','American Academic & Scholarly Research Journal','Journal','','','','','','',''),
(16,'','Annaba','','','','','','','',''),
(17,'','Applied Mathematics and Computation','','','','','','','',''),
(18,'','Applied Ontology','','','','','','','',''),
(19,'','Applied Soft Computing','','','','','','','',''),
(20,'','Artificial and Education Conference','Conference','','','','','','',''),
(21,'','Artificial Intelligence and Knowledge Engineering Applications','','','','','','','',''),
(22,'','International Work Conference on Artificial Neural Nets Problem Solving Methods','Conference','','','','','','',''),
(23,'','arXiv preprint arXiv:1401.5433','','','','','','','',''),
(24,'','arXiv preprint arXiv:1705.04823','','','','','','','',''),
(25,'','arXiv preprint arXiv:1707.08998','','','','','','','',''),
(27,'','arXiv preprint arXiv:1712.05578','','','','','','','',''),
(28,'','arXiv preprint arXiv:1808.03437','','','','','','','',''),
(30,'','arXiv preprint arXiv:2005.09377','','','','','','','',''),
(31,'','arXiv preprint arXiv:2103.07754','','','','','','','',''),
(32,'','arXiv preprint arXiv:2104.01443','','','','','','','',''),
(33,'','arXiv preprint arXiv:2206.03684','','','','','','','',''),
(34,'','arXiv preprint arXiv:2308.07967','','','','','','','',''),
(35,'','arXiv:2201.03423 [cs.CL]','','','','','','','',''),
(36,'EGC','Atelier Mesures de Similarite Semantique','','','','','','','',''),
(37,'','Besaneon','','','','','','','',''),
(38,'','International Work Conference on Bio-inspired Modeling of Cognitive Tasks','Conference','','','','','','',''),
(39,'','Biometric Security and Privacy: Opportunities & Challenges in The Big Data','','','','','','','',''),
(40,'','Brain Informatics: International Conference','Conference','','','','','','',''),
(41,'','Bulletin Sante au Travail','','','','','','','',''),
(42,'EDA','Business Intelligence & Big Data: Edition de la conference','Conference','','','','','','',''),
(43,'','Business Intelligence and Mobile Technology Research','','','','','','','',''),
(44,'C21','C2I, Conference sur l''Ingenierie Informatique, EMP','Conference','','','','','','',''),
(45,'CAFE TICE','CAFE TICE','','','','','','','',''),
(46,'CERIST','CERIST','','','','','','','',''),
(47,'','Chapter Book: E-Collaboration Technologies and Strategies for Competitive e,','','','','','','','',''),
(48,'','Chemical Engineering and Processing-Process Intensification','','','','','','','',''),
(49,'CISIS','Complex, Intelligent and Software Intensive Systems','','','','','','','',''),
(50,'','Cleaner Engineering and Technology','','','','','','','',''),
(51,'CARI','Colloque Africain sur la Recherche en Informatique','','','','','','','',''),
(52,'','Colloque international de Veille Strategique, Scientifique et Technologique e,','','','','','','','',''),
(53,'','COLLOQUE NATIONAL  e Financement, Gouvernance et Innovation : Triptyque de e,','Conference','','','','','','',''),
(54,'COSI','Colloque sur leOptimisation et les Systemes deInformation','','','','','','','',''),
(55,'','Comput. Sci. J.','','','','','','','',''),
(56,'','Computational Collective Intelligence Technologies and Applications','','','','','','','',''),
(57,'','Computational Intelligence and Its Application','','','','','','','',''),
(58,'','Computer and Information Science','','','','','','','',''),
(59,'','IFIP TC 5 Computer Communications','','','','','','','',''),
(60,'','Computer Networks','','','','','','','',''),
(61,'CS & IT','Computer Science & Information Technology','','','','','','','',''),
(62,'','Computer Science and Its Applications: IFIP TC 5 International e,','Conference','','','','','','',''),
(63,'','Computers & Industrial Engineering','','','','','','','',''),
(64,'','Computers & Security','','','','','','','',''),
(65,'','Conference deinformatique en Parallelisme, Architecture et Systeme','Conference','','','','','','',''),
(66,'','conference en Environnement Informatique pour l''Apprentissage Humain e,','Conference','','','','','','',''),
(67,'MOSIM','Conference Francophone de Modelisation et de SIMulation','Conference','','','','','','',''),
(69,'CIIA','Conference Internationale sur l''Informatique et ses Applications','Conference','','','','','','',''),
(70,'AIM','Conference on Informatics and Applied Mathematics','Conference','','','','','','',''),
(71,'','Conference on Network and Information Systems Security','Conference','','','','','','',''),
(72,'ROADEF','Conference de la societe franeaise de recherche operationnelle et e,','Conference','','','','','','',''),
(74,'CIGI','Congres international de Genie Industriel','','','','','','','',''),
(75,'','Congres Maghrebin de la medecine de travail, Bibliotheque El Hamma','','','','','','','',''),
(76,'','CPSS@ IOT','','','','','','','',''),
(78,'CSEDU','CSEDU','','','','','','','',''),
(79,'CSNet','Cyber Security in Networking Conference','Conference','','','','','','',''),
(80,'','Data & Knowledge Engineering','','','','','','','',''),
(81,'','Digital Communications and Networks','','','','','','','',''),
(82,'','Distributed Computing and Artificial Intelligence, International e,','','','','','','','',''),
(83,'','Document numerique','','','','','','','',''),
(84,'','DZ 16 ENI OT 18, Seminaire Didactique, Jumelage institutionnel P3A: "Appui e,','','','','','','','',''),
(85,'','East European Conference on Advances in Databases and Information Systems e,','Conference','','','','','','',''),
(86,'','EasyChair','','','','','','','',''),
(87,'ESI','Ecole Nationale Superieure d''Informatique','','','','','','','',''),
(88,'EDBT/ICDT','EDBT/ICDT Workshops','Conference','','','','','','',''),
(89,'','Edition of the National Study Days on Research on Computer Sciences e,','','','','','','','',''),
(90,'','Edition Pages Bleues Internationales','','','','','','','',''),
(91,'','Editions European University','','','','','','','',''),
(92,'','editions Universitaires Europeenes','','','','','','','',''),
(93,'','EdMedia+ Innovate Learning','','','','','','','',''),
(94,'','Education and Information Technologies','','','','','','','',''),
(95,'','Educational data mining','','','','','','','',''),
(96,'','EEE International Conference on Advanced Learning Technologies e,','Conference','','','','','','',''),
(97,'','E-Learning and Digital Media','','','','','','','',''),
(98,'','E-Learning Systems, Environments and Approaches: Theory and Implementation e,','','','','','','','',''),
(99,'Elsevier','Elsevier','','','','','','','',''),
(100,'E-Medisys','International Conference: E-Medical System','Conference','','','','','','',''),
(101,'','Encyclopedia on Ad Hoc and Ubiquitous Computing: Theory and Design of e,','','','','','','','',''),
(102,'','Energies','','','','','','','',''),
(103,'','Engineering Applications of Artificial Intelligence','','','','','','','',''),
(104,'','Enterprise Information Systems, Taylor & Francis Online','','','','','','','',''),
(105,'EIAH','Environnements Informatiques pour l''Apprentissage Humain','','','','','','','',''),
(106,'eOMED','Espace Numerique Ouvert Pour la Mediterranee','','','','','','','',''),
(107,'','European Conference on Machine Learning and Principles and Practice of e,','Conference','','','','','','',''),
(108,'','European Journal of Industrial Engineering','Journal','','','','','','',''),
(109,'EUVIP','European Workshop on Visual Information Processing','Conference','','','','','','',''),
(110,'','Frontiers in Digital Humanities','','','','','','','',''),
(111,'','Frontiers in Robotics and AI','','','','','','','',''),
(112,'','Future Generation Computer Systems','','','','','','','',''),
(113,'GMAI','Geometric Modeling and Imaging','','','','','','','',''),
(114,'','Handbook of Biometric Anti-Spoofing: Presentation Attack Detection','','','','','','','',''),
(115,'','Health and technology','','','','','','','',''),
(116,'JST8','Huitiemes Journees Scientifiques  et Techniques','Conference','','','','','','',''),
(117,'ETIC','Hult Prize ESI Algiers co-organise par Club ETIC','','','','','','','',''),
(118,'IADIS','Proceedings of the International Conference on Cognition and','Conference','','','','','','',''),
(119,'ICAART','ICAART','','','','','','','',''),
(120,'ICETE','ICETE','','','','','','','',''),
(121,'ICIST','ICIST','','','','','','','',''),
(122,'ICPWE','ICPWE','','','','','','','',''),
(123,'IECON','Annual Conference on IEEE Industrial Electronics','Conference','','','','','','',''),
(124,'SMC','IEEE International Conference on Systems, Man and Cybernetics','Conference','','','','','','',''),
(125,'','IEEE Communications Surveys & Tutorials','','','','','','','',''),
(126,'CDC','IEEE Conference on Decision and Control','Conference','','','','','','',''),
(127,'LCN','IEEE Conference on Local Computer Networks','Conference','','','','','','',''),
(128,'CEC','IEEE Congress on Evolutionary Computation','','','','','','','',''),
(129,'GLOBECOM','IEEE Global Communications Conference','Conference','','','','','','',''),
(130,'','IEEE international Conference on advanced information networking e,','Conference','','','','','','',''),
(131,'ICALT','IEEE International Conference on Advanced Learning Technologies','Conference','','','','','','',''),
(132,'','IEEE international Conference on automatic face & gesture e,','Conference','','','','','','',''),
(133,'','IEEE International Conference on Bio-Inspired Computing: Theories e,','Conference','','','','','','',''),
(134,'','IEEE International Conference on Cognitive Informatics and Cognitive e,','Conference','','','','','','',''),
(135,'ICC','IEEE International Conference on Communications','Conference','','','','','','',''),
(136,'ICCE','IEEE International Conference on Consumer Electronics','Conference','','','','','','',''),
(137,'','IEEE international Conference on distributed computing in sensor e,','Conference','','','','','','',''),
(138,'ICEBE','IEEE International Conference on e-Business Engineering','Conference','','','','','','',''),
(139,'','IEEE International Conference on Electronics, Circuits and Systems e,','Conference','','','','','','',''),
(140,'','IEEE International Conference on Emerging Technologies and Factory e,','Conference','','','','','','',''),
(141,'','IEEE International Conference on Enabling Technologies e,','Conference','','','','','','',''),
(142,'FUZZ-IEEE','IEEE international Conference on fuzzy systems','Conference','','','','','','',''),
(143,'','IEEE International Conference on High Performance Computing and e,','Conference','','','','','','',''),
(144,'ICIP','IEEE international Conference on image processing','Conference','','','','','','',''),
(145,'','IEEE International Conference on Service-Oriented Computing and e,','Conference','','','','','','',''),
(148,'','IEEE International Conference on Tools with Artificial e,','Conference','','','','','','',''),
(149,'','IEEE International Conference on Trust, Security and Privacy in e,','Conference','','','','','','',''),
(150,'IJCB','IEEE International Joint Conference on Biometrics','Conference','','','','','','',''),
(151,'','IEEE International Symposium on a World of Wireless, Mobile and e,','Conference','','','','','','',''),
(152,'','IEEE International Symposium on Circuits and Systems','Conference','','','','','','',''),
(153,'','IEEE international symposium on embedded multicore/many-core e,','Conference','','','','','','',''),
(154,'ISIE','IEEE International Symposium on Industrial Electronics','Conference','','','','','','',''),
(155,'','IEEE Internet of Things Journal','Journal','','','','','','',''),
(156,'','IEEE Intl Conf on High Performance Computing and Communications','','','','','','','',''),
(157,'CSE','IEEE Intl Conference on Computational Science and Engineering','Conference','','','','','','',''),
(158,'','IEEE RIVF International Conference on Computing & Communication e,','Conference','','','','','','',''),
(159,'','IEEE Signal Processing Letters','','','','','','','',''),
(160,'ISCC','IEEE Symposium on Computers and Communications','Conference','','','','','','',''),
(161,'IA','IEEE Symposium on Intelligent Agent','Conference','','','','','','',''),
(163,'','IEEE Transactions on Broadcasting','','','','','','','',''),
(164,'','IEEE Transactions on Information Forensics and Security','','','','','','','',''),
(165,'','IEEE Transactions on Intelligent Transportation Systems','','','','','','','',''),
(166,'','IEEE Transactions on Parallel and Distributed Systems','','','','','','','',''),
(167,'','IEEE Transactions on Wireless Communications','','','','','','','',''),
(168,'','IEEE Trustcom/BigDataSE/ISPA','','','','','','','',''),
(169,'WCNC','IEEE Wireless Communications and Networking Conference','Conference','','','','','','',''),
(170,'','IEEE/ACM International Conference on Advances in Social Networks Analysis e,','Conference','','','','','','',''),
(171,'','IEEE/ACM International Conference on Advances in Social Networks Analysis','Conference','','','','','','',''),
(172,'','IEEE/ACM International Conference on Mobile Software Engineering e,','Conference','','','','','','',''),
(173,'','IEEE/ACM International Symposium on Cluster, Cloud and Grid e,','Conference','','','','','','',''),
(175,'','IEEE/ACS International Conference on Computer Systems and','Conference','','','','','','',''),
(177,'','IEEE/WIC/ACM International Conferences on Web Intelligence and e,','Conference','','','','','','',''),
(178,'','Ieri Procedia','','','','','','','',''),
(179,'','IET Biometrics','','','','','','','',''),
(180,'','IET Image Processing','','','','','','','',''),
(181,'','IET Networks','','','','','','','',''),
(182,'','IFAC Conference on Manufacturing Modelling, Management and Control MIM e,','Conference','','','','','','',''),
(183,'','IFAC-PapersOnLine','','','','','','','',''),
(184,'','IFIP Conference on Wireless Sensor and Actor Networks','Conference','','','','','','',''),
(185,'','IFIP International Conference on Computational Intelligence and Its e,','Conference','','','','','','',''),
(186,'','IFIP International Conference on New Technologies, Mobility and e,','Conference','','','','','','',''),
(187,'WD','IFIP Wireless Days','','','','','','','',''),
(188,'SCIA','Image Analysis: Scandinavian Conference','Conference','','','','','','',''),
(189,'','Image and Vision Computing','','','','','','','',''),
(190,'PAPERS','A Project For The Future. Experiences And Sharing','','','','','','','',''),
(191,'EDA','Business Intelligence & Big Data: Edition de la conference','Conference','','','','','','',''),
(192,'INFOCOMP','Journal of Computer Science','Journal','','','','','','',''),
(193,'','Information Processing & Management','','','','','','','',''),
(194,'','Information Security Journal: A Global Perspective','Journal','','','','','','',''),
(195,'','Information Systems','','','','','','','',''),
(196,'','Information Technology Based Proceedings of the International e,','','','','','','','',''),
(197,'INFORSID','INFORSID','','','','','','','',''),
(199,'NTIC','Ingenierie des systemes et NTIC','','','','','','','',''),
(200,'INI','INI','','','','','','','',''),
(201,'','Innovative Approaches for Learning and Knowledge Sharing: European e,','','','','','','','',''),
(202,'INORMS ALIO','INORMS ALIO international Conference','Conference','','','','','','',''),
(204,'','Int. Arab J. Inf. Technol.','','','','','','','',''),
(205,'','Int. J. Bio Inspired Comput.','','','','','','','',''),
(206,'','Int. J. Web Appl.','','','','','','','',''),
(207,'','Integration of Reusable Systems','','','','','','','',''),
(208,'','Inteligencia Artificial','','','','','','','',''),
(209,'','Intelligent Decision Technology Support in Practice','','','','','','','',''),
(210,'','Proceedings of the International Conference on Intelligent Distributed Computing X','Conference','','','','','','',''),
(211,'ACIIDS','Intelligent Information and Database Systems: Asian Conference','Conference','','','','','','',''),
(212,'IntelliSys','Intelligent System Intelligent Systems Conference','Conference','','','','','','',''),
(213,'','International Conference on Intelligent Systems Design and Applications','Conference','','','','','','',''),
(214,'','International Arab Journal of Information Technology','Journal','','','','','','',''),
(215,'','International Association for Development of the Information Society','','','','','','','',''),
(216,'','International Conference for Internet Technology and Secured e,','Conference','','','','','','',''),
(217,'','International Conference Information Visualisation','Conference','','','','','','',''),
(218,'','International Conference of Reliable Information and Communication','Conference','','','','','','',''),
(219,'','International Conference of Soft Computing and Pattern Recognition e,','Conference','','','','','','',''),
(220,'SCDS','International Conference of Soft Computing in Data Science','Conference','','','','','','',''),
(221,'BIOSIG','International Conference of the BIOSIG Special Interest Group','Conference','','','','','','',''),
(222,'AMT','International Conference on Active Media Technology','Conference','','','','','','',''),
(223,'','International Conference on Advanced Aspects of Software Engineering e','Conference','','','','','','',''),
(224,'','International Conference on Advanced Networking Distributed Systems and e,','Conference','','','','','','',''),
(225,'','International Conference on Advances in Computing, Communication and e,','Conference','','','','','','',''),
(226,'','International Conference on Advances in Information e,','Conference','','','','','','',''),
(227,'','International Conference on Affective Computing and Intelligent e,','Conference','','','','','','',''),
(228,'','International Conference on Agents and Artificial Intelligence','Conference','','','','','','',''),
(229,'ICASS','International Conference on applied smart systems','Conference','','','','','','',''),
(230,'','International Conference on Availability, Reliability and Security','Conference','','','','','','',''),
(231,'','International Conference on Availability, Reliability and e,','Conference','','','','','','',''),
(232,'','International Conference on Big Data, IoT, Web Intelligence and e,','Conference','','','','','','',''),
(233,'ICB','International Conference on Biometrics','Conference','','','','','','',''),
(234,'','International Conference on Blockchain Computing and Applications','Conference','','','','','','',''),
(235,'','International Conference on Broadband and Wireless Computing e,','Conference','','','','','','',''),
(236,'','International Conference on Building and Exploring Web Based e,','Conference','','','','','','',''),
(237,'ICBIA','International Conference on Business Intelligence and','Conference','','','','','','',''),
(238,'','International Conference on Computational Aspects of Social e,','Conference','','','','','','',''),
(239,'','International Conference on Computational Collective Intelligence','Conference','','','','','','',''),
(240,'','International Conference on Computational Intelligence and Security e,','Conference','','','','','','',''),
(241,'','International Conference on Computational Intelligence for Modelling e,','Conference','','','','','','',''),
(242,'','International Conference on Computer Communications and Networks e,','Conference','','','','','','',''),
(243,'ACS','International Conference on Computer Systems and Applications','Conference','','','','','','',''),
(244,'','International Conference on Computer, Information and Telecommunication e,','Conference','','','','','','',''),
(245,'','International Conference on Computing and Information Technology','Conference','','','','','','',''),
(246,'','International Conference on Computing Systems and Applications','Conference','','','','','','',''),
(247,'','International Conference on computing, networking and communications e,','Conference','','','','','','',''),
(248,'','International Conference on Decision Aid Sciences and Applications e,','Conference','','','','','','',''),
(249,'','International Conference on Educational and Information Technology 1 e,','Conference','','','','','','',''),
(250,'','International Conference on E-Learning and E-Technologies in e,','Conference','','','','','','',''),
(251,'CEIS','International Conference on Enterprise Information Systems','Conference','','','','','','',''),
(253,'','International Conference on Future Internet of Things and Cloud e,','Conference','','','','','','',''),
(254,'','International Conference on High Performance Computing and e,','Conference','','','','','','',''),
(255,'','International Conference on Human Computer Interaction Theory and ','Conference','','','','','','',''),
(256,'HIS','International Conference on Hybrid Inteligent System','Conference','','','','','','',''),
(257,'','International Conference on ICT for Disaster Management','Conference','','','','','','',''),
(258,'','International Conference on image processing theory, tools and e,','Conference','','','','','','',''),
(259,'','International Conference on Information and Communication Systems e,','Conference','','','','','','',''),
(260,'','International Conference on Information and Communication e,','Conference','','','','','','',''),
(261,'','International Conference on Information Assurance and Security','Conference','','','','','','',''),
(262,'','International Conference on Information Reuse & Integration e,','Conference','','','','','','',''),
(263,'','International Conference on Information Science, Signal Processing e,','Conference','','','','','','',''),
(264,'i-Society','International Conference on Information Society','Conference','','','','','','',''),
(265,'','International Conference on Information Systems and Economic e,','Conference','','','','','','',''),
(266,'','International Conference on Information Systems for Crisis Response and e,','Conference','','','','','','',''),
(267,'','International Conference on Information Technology Based Higher e,','Conference','','','','','','',''),
(268,'','International Conference on Information Visualisation','Conference','','','','','','',''),
(269,'','International Conference on Innovative Research in Applied Science e,','Conference','','','','','','',''),
(270,'IAT','International Conference on Intelligent Agent Technology','Conference','','','','','','',''),
(271,'','International Conference on Intelligent Networking and Collaborative e,','Conference','','','','','','',''),
(272,'','International Conference on Intelligent Systems Design and e,','Conference','','','','','','',''),
(273,'','International Conference on Intelligent Tutoring Systems','Conference','','','','','','',''),
(274,'','International Conference on Knowledge Discovery and Information Retrieval 2 e,','Conference','','','','','','',''),
(275,'','International Conference on Knowledge-Based and Intelligent Information e,','Conference','','','','','','',''),
(276,'','International Conference on Machine and Web Intelligence','Conference','','','','','','',''),
(277,'MML','International Conference on Mathematical Methods for Learning','Conference','','','','','','',''),
(278,'','International Conference on Mathematics and Information Technology e,','Conference','','','','','','',''),
(279,'','international Conference on modeling, simulation and applied e,','Conference','','','','','','',''),
(280,'','International Conference on Network-Based Information Systems','Conference','','','','','','',''),
(281,'ICNAS','International Conference on Networking and Advanced Systems','Conference','','','','','','',''),
(282,'','International Conference on Next Generation Mobile e,','Conference','','','','','','',''),
(283,'','International Conference on P2P, Parallel, Grid, Cloud and e,','Conference','','','','','','',''),
(284,'','International Conference on pattern recognition and artificial intelligence e,','Conference','','','','','','',''),
(285,'','International Conference on Pattern Recognition Applications and Methods 2 e,','Conference','','','','','','',''),
(286,'','International Conference on Security and Privacy for Emerging Areas in e,','Conference','','','','','','',''),
(287,'','International Conference on Security and Privacy in e,','Conference','','','','','','',''),
(288,'','International Conference on Service Systems and Service Management 1 e,','Conference','','','','','','',''),
(289,'','International Conference on Smart and Sustainable Technologies e,','Conference','','','','','','',''),
(290,'','International Conference on Smart Communications in Network e,','Conference','','','','','','',''),
(291,'','International Conference on Smart, Monitored and Controlled Cities e,','Conference','','','','','','',''),
(292,'','International Conference on Software, Telecommunications and Computer e,','Conference','','','','','','',''),
(293,'ICWIT','International Conference on Web and InformationTechnologies','Conference','','','','','','',''),
(294,'CPI','International Conference: Integrated Design and Production','Conference','','','','','','',''),
(295,'IDT','International Design & Test Symposium','Conference','','','','','','',''),
(296,'ICE-B','International Joint Conference on e-Business and','Conference','','','','','','',''),
(297,'','International Journal of Automation and Computing','Journal','','','','','','',''),
(298,'','International Journal of Bio-Inspired Computation','Journal','','','','','','',''),
(299,'','International Journal of Business Information Systems','Journal','','','','','','',''),
(300,'IJBIS','International Journal of Business Information Systems','Journal','','','','','','',''),
(301,'','International Journal of Collaborative Intelligence','Journal','','','','','','',''),
(302,'','International Journal of Computational Science and Engineering','Journal','','','','','','',''),
(303,'','International Journal of Computer and Information Technology','Journal','','','','','','',''),
(304,'','International Journal of Computer Applications in Technology','Journal','','','','','','',''),
(305,'','International Journal of Computer Science Issues','Journal','','','','','','',''),
(306,'','International Journal of Computers and Applications','Journal','','','','','','',''),
(307,'','International Journal of Continuing Engineering Education and Life Long e,','Journal','','','','','','',''),
(308,'','International Journal of Data Mining, Modelling and Management','Journal','','','','','','',''),
(309,'','International Journal of Decision Sciences, Risk and Management','Journal','','','','','','',''),
(310,'IJDSS','International Journal of Decision Support Systems','Journal','','','','','','',''),
(311,'','International Journal of Digital Society','Journal','','','','','','',''),
(312,'IJeC','International Journal of e-Collaboration','Journal','','','','','','',''),
(313,'','International Journal of Emerging Technologies in Learning','Journal','','','','','','',''),
(314,'','International Journal of Engineering Management and Economics','Journal','','','','','','',''),
(315,'','International Journal of Environmental Technology and Management','Journal','','','','','','',''),
(316,'','International Journal of General Systems','Journal','','','','','','',''),
(317,'','International Journal of Image, Graphics and Signal Processing','Journal','','','','','','',''),
(318,'','International Journal of Industrial and Manufacturing Engineering','Journal','','','','','','',''),
(319,'','International Journal of Information and Coding Theory','Journal','','','','','','',''),
(320,'','International journal of information and computer security','Journal','','','','','','',''),
(321,'','International Journal of Information sciences for decision making','Journal','','','','','','',''),
(322,'','International journal of information technology','Journal','','','','','','',''),
(323,'IJIDE','International Journal of Innovation in the Digital Economy','Journal','','','','','','',''),
(324,'','International Journal of Innovative Computing and Applications','Journal','','','','','','',''),
(325,'','International Journal of Intelligent Engineering Informatics','Journal','','','','','','',''),
(326,'','International Journal of Knowledge and Learning','Journal','','','','','','',''),
(327,'','International Journal of Learning Technology','Journal','','','','','','',''),
(328,'','International Journal of Manufacturing Research','Journal','','','','','','',''),
(329,'','International Journal of Metadata, Semantics and Ontologies','Journal','','','','','','',''),
(330,'','International Journal of Metaheuristics','Journal','','','','','','',''),
(331,'','International Journal of New Computer Architectures and Their Applications 3 e,','Journal','','','','','','',''),
(332,'','International Journal of Product Development','Journal','','','','','','',''),
(333,'','International Journal of Prognostics and Health Management','Journal','','','','','','',''),
(334,'','International Journal of Remote Sensing','Journal','','','','','','',''),
(335,'','International Journal of Service Science, Management, Engineering, and e','Journal','','','','','','',''),
(336,'','International Journal of Simulation and Process Modelling','Journal','','','','','','',''),
(337,'','International Journal of Software Engineering and Knowledge Engineering','Journal','','','','','','',''),
(338,'IJSSCI','International Journal of Software Science and Computational','Journal','','','','','','',''),
(339,'IJSSOE','International Journal of Systems and Service-Oriented Engineering','Journal','','','','','','',''),
(340,'','International Journal of Teaching and Case Studies','Journal','','','','','','',''),
(341,'IJTEM','International Journal of Technology and Educational Marketing','Journal','','','','','','',''),
(342,'','International Journal of Technology Enhanced Learning','Journal','','','','','','',''),
(343,'','International Journal of Web Information Systems','Journal','','','','','','',''),
(344,'','International Journal of Web Science','Journal','','','','','','',''),
(345,'MICCAI','International MICCAI Brainlesion Workshop - BraTS Challenge','Conference','','','','','','',''),
(346,'','International Review on Computers and Software','','','','','','','',''),
(347,'IRECOS','International Review on Computers and Software','','','','','','','',''),
(348,'','International Symposium on Communications, Control and Signal e,','Conference','','','','','','',''),
(349,'','International Symposium on Computer and Information Sciences','Conference','','','','','','',''),
(350,'','International Symposium on Computer Networks','Conference','','','','','','',''),
(351,'','International Symposium on Image and Signal Processing and Analysis e,','Conference','','','','','','',''),
(352,'ISIA','International Symposium on Informatics and its Applications','Conference','','','','','','',''),
(353,'ISNIB','International Symposium on iNnovative Informatics of Biskra','Conference','','','','','','',''),
(354,'ISPS','international symposium on programming and systems','Conference','','','','','','',''),
(355,'','International Work-Conference on Artificial Neural Networks','Conference','','','','','','',''),
(356,'','International Work-Conference on the Interplay Between Natural and e,','Conference','','','','','','',''),
(357,'','International workshop on applications of semantic web technologies for E e,','Conference','','','','','','',''),
(358,'','International Workshop on Human-Centric Smart Environments for e,','Conference','','','','','','',''),
(359,'','International Workshop on Systems, Signal Processing and their e,','Conference','','','','','','',''),
(360,'ISDA','ISDA','','','','','','','',''),
(362,'ISKO','ISKO Maghreb','Conference','','','','','','',''),
(363,'ISSN','ISSN','','','','','','','',''),
(364,'','J. UCS','','','','','','','',''),
(365,'JFSMA','JFSMA','','','','','','','',''),
(366,'Jnei','Journees deEtudes et deInformation sur le partenariat','Conference','','','','','','',''),
(367,'','Joseph Fourier University','','','','','','','',''),
(368,'','Journal of Ambient Intelligence and Humanized Computing','Journal','','','','','','',''),
(369,'','Journal of Computer Science & Technology','Journal','','','','','','',''),
(370,'JDIQ','Journal of Data and Information Quality','Journal','','','','','','',''),
(371,'','Journal of Digital Information Management','Journal','','','','','','',''),
(372,'','Journal of Educational Computing Research','Journal','','','','','','',''),
(373,'','Journal of Experimental & Theoretical Artificial Intelligence','Journal','','','','','','',''),
(374,'','Journal of Information Assurance & Security','Journal','','','','','','',''),
(375,'','Journal of Information Security and Applications','Journal','','','','','','',''),
(376,'','Journal of Intelligent & Robotic Systems','Journal','','','','','','',''),
(377,'','Journal of King Saud University - Computer and Information Sciences','Journal','','','','','','',''),
(378,'','Journal of Knowledge Management Practice','Journal','','','','','','',''),
(379,'','Journal of Network and Computer Applications','Journal','','','','','','',''),
(380,'','Journal of Network and Systems Management','Journal','','','','','','',''),
(381,'','Journal of Parallel and Distributed Computing','Journal','','','','','','',''),
(382,'','Journal of Reliable Intelligent Environments','Journal','','','','','','',''),
(383,'','Journal of Systems Architecture','Journal','','','','','','',''),
(384,'','Journal of Systems Integration','Journal','','','','','','',''),
(385,'','Journal of Web Engineering','Journal','','','','','','',''),
(386,'','Journal of Web Semantics','Journal','','','','','','',''),
(387,'','Journee Algero-Canadienne de leEnseignement Superieur','Conference','','','','','','',''),
(388,'SII','Journee deEtude sur les Systemes deInformation Intelligents','Conference','','','','','','',''),
(389,'','Journee nationale de l''Etudiant','Conference','','','','','','',''),
(390,'','Journee parlementaire sur la Transformation numerique pour un service public e,','Conference','','','','','','',''),
(391,'','Journee Scientifiques et Techniques, Sonatrach','Conference','','','','','','',''),
(392,'','Journees francophones sur les systemes multi-agents','Conference','','','','','','',''),
(393,'KDIR','KDIR','','','','','','','',''),
(394,'','Knowledge Engineering and Knowledge Management: International e,','','','','','','','',''),
(395,'','Knowledge Management & E-Learning: An International Journal','Journal','','','','','','',''),
(397,'LNCS','Lecture Notes in Computer Science','','','','','','','',''),
(398,'','les actes du Colloque Africain sur la Recherche en Informatique','','','','','','','',''),
(399,'LMCS','LMCS Laboratory Seminar','','','','','','','',''),
(400,'LMCS','LMCS Laboratory Seminar','','','','','','','',''),
(401,'','Malika, Game Theory-Based Reinforcement Learning Approach for the Multi e,','','','','','','','',''),
(402,'MCSEAI','MCSEAI','','','','','','','',''),
(403,'','Mechanism, Machine, Robotics and Mechatronics Sciences','','','','','','','',''),
(404,'MEDI','MEDI 2019 9th International Conference on Model and Data Engineering','Conference','','','','','','',''),
(405,'MeDIT','MeDIT, Palais de la Culture','','','','','','','',''),
(406,'','MEDiterranean Conference on Pattern Recognition and Artificial e,','Conference','','','','','','',''),
(407,'','Memetic Computing','','','','','','','',''),
(408,'','Memoire de fin deetudes. Institut National de formation en Informatique','','','','','','','',''),
(409,'','Memoire de Magister','','','','','','','',''),
(411,'','Modeling Approaches and Algorithms for Advanced Computer Applications','','','','','','','',''),
(412,'','Modelling and Implementation of Complex Systems: Proceedings of the e,','','','','','','','',''),
(413,'','Models and Methods','','','','','','','',''),
(414,'','Multidisciplinary Approaches to Service-Oriented Engineering','','','','','','','',''),
(415,'','Multidisciplinary Digital Publishing Institute Proceedings','','','','','','','',''),
(416,'','Multimedia Tools and Applications','','','','','','','',''),
(417,'JERI','National Study Day on Research on Computer Sciences','','','','','','','',''),
(418,'','Natural and Artificial Models in Computation and Biology: International e,','','','','','','','',''),
(419,'NICSO','Nature Inspired Cooperative Strategies for Optimization','','','','','','','',''),
(420,'','Neurocomputing','','','','','','','',''),
(421,'','New Generation Computing','','','','','','','',''),
(422,'','New Horizons in Web Based Learning: ICWL 2011 International Workshops, KMEL e,','Conference','','','','','','',''),
(423,'ICDIM','International Conference on Digital Information Management','Conference','','','','','','',''),
(425,'SWEL','Semantic Web Technologies for e-Learning','','','','','','','',''),
(426,'','Operational Research An International Journal','Journal','','','','','','',''),
(427,'','Paris','','','','','','','',''),
(428,'','Partager des donnees d''observation pour la recherche en EIAH: traces d e,','','','','','','','',''),
(429,'Per3S','Performance and Scalability of Storage Systems','','','','','','','',''),
(430,'','Pervasive and Mobile Computing','','','','','','','',''),
(431,'','PhD thesis','','','','','','','',''),
(432,'','Presses Academiques Francophones','','','','','','','',''),
(433,'','Procedia computer science','','','','','','','',''),
(434,'','Proceedings of international workshop on applications of semantic web e,','Conference','','','','','','',''),
(436,'','Proceedings of the ACM SIGPLAN International Conference on Compiler e,','Conference','','','','','','',''),
(437,'','Proceedings of the ACM Symposium on Spatial User Interaction','Conference','','','','','','',''),
(438,'','Proceedings of the ACM/SIGAPP symposium on applied computing','Conference','','','','','','',''),
(439,'','Proceedings of the Annual ACM Symposium on Applied Computing','Conference','','','','','','',''),
(440,'','Proceedings of the Annual Simulation and AI in Games Conference (GAME e,','Conference','','','','','','',''),
(441,'','Proceedings of the International Conference on Big Data Technologies e,','Conference','','','','','','',''),
(443,'','Proceedings of the International Conference on Computer Communications e,','Conference','','','','','','',''),
(445,'','Proceedings of the International Conference on Computing for Engineering and e,','Conference','','','','','','',''),
(446,'','Proceedings of the International Conference on Future Networks and e,','Conference','','','','','','',''),
(447,'','Proceedings of the International Conference on Human-Agent Interaction e,','Conference','','','','','','',''),
(448,'','Proceedings of the International Conference on Hybrid Intelligent e,','Conference','','','','','','',''),
(449,'','Proceedings of the International Conference on Information and Communication e,','Conference','','','','','','',''),
(450,'','Proceedings of the International Conference on Information Systems and e,','Conference','','','','','','',''),
(451,'','Proceedings of the International Conference on Intelligent Information e,','Conference','','','','','','',''),
(452,'','Proceedings of the International Conference on Management of Emergent e,','Conference','','','','','','',''),
(453,'','Proceedings of the International Conference on Pattern Recognition e,','Conference','','','','','','',''),
(454,'','Proceedings of the International Conference on the Internet of Things','Conference','','','','','','',''),
(455,'','Proceedings of the International Conference on Web and Information e,','Conference','','','','','','',''),
(456,'','Proceedings of the International Conference on Web Intelligence, Mining e,','Conference','','','','','','',''),
(457,'','Proceedings of the International MultiConference of Engineers and Computer e,','Conference','','','','','','',''),
(458,'','Proceedings of the International Workshop on Web Intelligence and Smart e,','Conference','','','','','','',''),
(459,'','Proceedings of the workshop on computational approaches to subjectivity e,','Conference','','','','','','',''),
(460,'','Proceedings of the Workshop on Computational Approaches to e,','Conference','','','','','','',''),
(461,'','Proceedings of the Workshop on IoT challenges in Mobile and Industrial e,','Conference','','','','','','',''),
(462,'','Proceedings of the World Congress on Engineering','','','','','','','',''),
(463,'','Quality, Reliability, Security and Robustness in Heterogeneous Networks: e,','','','','','','','',''),
(464,'','Rapports de recherche internes','','','','','','','',''),
(465,'','Recent Advances in Environmental Science and Biomedicine, Proceedings of the e,','','','','','','','',''),
(466,'','Recent Advances in NLP: The Case of Arabic Language','','','','','','','',''),
(467,'','Rencontre des Jeunes Chercheurs en EIAH','Conference','','','','','','',''),
(468,'','Research Journal of Applied Sciences, Engineering and Technology','Journal','','','','','','',''),
(469,'','Revue des Sciences et Technologies de l''Information-Serie RIA: Revue d e,','Journal','','','','','','',''),
(470,'','Revue d''Intelligence Artificielle','Journal','','','','','','',''),
(471,'e-TI','Revue electronique des technologies de l''information','Journal','','','','','','',''),
(472,'ISPM','Revue internationale deIngenierie des Systemes de Production, Mecanique','Journal','','','','','','',''),
(473,'RIST|','Revue RIST|','Journal','','','','','','',''),
(474,'TAL','Revue TAL','Journal','','','','','','',''),
(475,'','Scientific Research Publishing','','','','','','','',''),
(476,'','Scientific Workshop  On  Preliminary Research Work in Computer Science part e,','Conference','','','','','','',''),
(477,'','IFIP International Conference on Wireless and Optical Communications','Conference','','','','','','',''),
(478,'ICNTC','International Conference on New Technologies and Communication','Conference','','','','','','',''),
(479,'','International Conference on Swarm  Intelligence Based  Optimization','Conference','','','','','','',''),
(480,'','Securecomm and Workshops','Conference','','','','','','',''),
(482,'','Semaine nationale du numerique','','','','','','','',''),
(483,'','Semantic Web and e-learning Workshop, Adaptive Hypermedia Conference  e,','Conference','','','','','','',''),
(484,'','Sensors','','','','','','','',''),
(485,'','Service Oriented Computing and Applications','','','','','','','',''),
(487,'','Signal Processing: Image Communication','','','','','','','',''),
(488,'SITIS','Signal-Image Technology & Internet-Based Systems','','','','','','','',''),
(489,'SIMULTECH','SIMULTECH','','','','','','','',''),
(490,'','Smart Learning Environments','','','','','','','',''),
(491,'SN','SN Computer Science','','','','','','','',''),
(492,'','Social Media Analysis for Event Detection','','','','','','','',''),
(493,'','Social MT/ workshop on Social Media and User Generated Content e,','Conference','','','','','','',''),
(494,'','Social Network Analysis and Mining','','','','','','','',''),
(495,'','Sudan University of Science and Technology','','','','','','','',''),
(496,'ICSIBO','Swarm Intelligence Based Optimization','','','','','','','',''),
(497,'','Swarm Intelligence Based Optimization: International Conference e,','Conference','','','','','','',''),
(498,'SYSCO','SYSCO','','','','','','','',''),
(499,'','Systemes Intelligents pour le Transport Universite de Technologie de e,','','','','','','','',''),
(500,'WoSSPA','Systems, Signal Processing and their Applications','','','','','','','',''),
(501,'','Technologies de l''Information et de la Communication dans l''Enseignement e,','','','','','','','',''),
(502,'','Technologies de l''Information et de la Communication pour l''Education','','','','','','','',''),
(503,'','Telecom ParisTech','','','','','','','',''),
(504,'','Telecommunication Systems','','','','','','','',''),
(505,'CSA','The Conference on Computing Systems and Applications','Conference','','','','','','',''),
(506,'','The Electronic Journal of Information Systems in Developing Countries','Journal','','','','','','',''),
(507,'','The Global Information Infrastructure and Networking Symposium','Conference','','','','','','',''),
(508,'','The International Conference on Pattern Analysis and Intelligent Systems e,','Conference','','','','','','',''),
(509,'','The International Journal of Advanced Manufacturing Technology','Journal','','','','','','',''),
(510,'','The Journal of Supercomputing','Journal','','','','','','',''),
(511,'','The Pacific Asia Conference on Language, Information and Computation e,','Conference','','','','','','',''),
(512,'','the Proceedings of International Conference on Educational and e,','Conference','','','','','','',''),
(514,'','The Third International Conference on Digital Information Processing and e,','Conference','','','','','','',''),
(516,'','Towards Learning and Instruction in Web 3.0: Advances in Cognitive and e,','','','','','','','',''),
(517,'','TRAITEMENT AUTOMATIQUE DES LANGUES','','','','','','','',''),
(518,'ACM','Transactions on Management Information Systems','','','','','','','',''),
(519,'','rencontres des jeunes chercheurs en Intelligence Artificielle','Conference','','','','','','',''),
(520,'','Trends and Advances in Information Systems and Technologies','','','','','','','',''),
(521,'TSI','Technique et Science Informatiques-RAIRO','','','','','','','',''),
(522,'','Universite de Franche-Comte','','','','','','','',''),
(523,'','Universite de Tebessa','','','','','','','',''),
(524,'','Universite de Technologie de Compiegne','','','','','','','',''),
(525,'','Universite J. Fourier UFR Informatique & Mathematiques Appliquees','','','','','','','',''),
(526,'','Universite Joseph-Fourier-Grenoble I','','','','','','','',''),
(527,'','Universite UMBB','','','','','','','',''),
(528,'','University of Oulu','','','','','','','',''),
(529,'','User Modeling and User-Adapted Interaction','','','','','','','',''),
(530,'VIIS','VIIS','','','','','','','',''),
(531,'','Web and Information Technologies','','','','','','','',''),
(532,'','Web semantique pour le e-Learning','','','','','','','',''),
(533,'','Webinar national sur " financement, Gouvernance et Innovation, tryptique de e,','','','','','','','',''),
(534,'','Webinar, Optimum Telecom','','','','','','','',''),
(535,'WEBIST','WEBIST','','','','','','','',''),
(536,'WiNLP','Women & Underrepresented Minorities in Natural Language Processing','','','','','','','',''),
(539,'','Workshop on Free/Open-Source Arabic Corpora and Corpora Processing Tools e,','Conference','','','','','','',''),
(540,'OnAV','Workshop on Ontology Alignment and Visualization','Conference','','','','','','',''),
(541,'','Workshop on Systems for ML @ NeurIPS','Conference','','','','','','',''),
(542,'','World Conference on Information Systems and Technologies','Conference','','','','','','',''),
(543,'WCCIT','World Congress on Computer and Information Technology','','','','','','','',''),
(544,'','WSEAS TRANSACTIONS ON ADVANCES IN ENGINEERING EDUCATION','','','','','','','',''),
(545,'','WSEAS Transactions on Business and Economics','','','','','','','',''),
(546,'','WSEAS Transactions on Computers','','','','','','','',''),
(547,'','WSEAS Transactions on Systems','','','','','','','',''),
(548,'','WSEAS/IASME International Conference on engineering education','Conference','','','','','','',''),
(549,'CERIST','WWS','','','','','','','',''),
(550,'CERIST','WWS','','','','','','','','');


insert into `lmcs_chercheur` (`id_chercheur`,`nom_chercheur`,`prenom_chercheur`,`etablissement`,`diplome`,`email`,`tel`,`dblp_lien`,`research_gate_lien`,`google_scholar_lien`,`site_web`,`grade_ensignement`,`grade_recherche`,`Qualite`,`h_index`,`sexe`,`equipe`,`statut`,`orcid`) VALUES
('82', 'BENBOUDJEMA', 'Dalila', 'ESI', 'Doctorat', 'd_benboudjema@esi.dz', '', 'https://dblp.org/pid/80/5316', 'https://www.researchgate.net/search/researcher?q=Dalila_Benboudjema', 'https://scholar.google.com/scholar?q=Dalila+Benboudjema', '', '', 'Maetre de recherche', 'Enseignat Chercheur', '5', 'Femme', '', 'Active', ''),
('83', 'HAMANI', 'Nacer', 'ESI', 'Doctorat', 'n_hamani@esi.dz', '', 'https://dblp.org/pid/92/1607', 'https://www.researchgate.net/search/researcher?q=Nacer_Hamani', 'https://scholar.google.com/scholar?q=Nacer+Hamani', '', '', 'Maetre de recherche', 'Enseignat Chercheur', '2', 'Homme', '', 'Active', '0000-0002-2470-3515'),
('84', 'BOUKHADRA', 'Adel', 'ESI', 'Doctorat', 'a_boukhadra@esi.dz', '', 'https://dblp.org/pid/116/6640', 'https://www.researchgate.net/search/researcher?q=Adel_Boukhadra', 'https://scholar.google.com/scholar?q=Adel+Boukhadra', '', '', 'Maetre de recherche', 'Enseignat Chercheur', '3', 'Homme', '', 'Active', '0000-0001-9473-6729'),
('86', 'GOUMIRI', 'Soumia', 'Univ-Boumerdes', 'Master', 's_goumiri@esi.dz', '', 'https://dblp.org/pid/304/1792', 'https://www.researchgate.net/search/researcher?q=Soumia_Goumiri', 'https://scholar.google.com/scholar?q=Soumia+Goumiri', '', '', '', 'Doctorant', '1', 'Femme', '', 'Active', ''),
('87', 'BOUCHELOUCHE', 'Khadidja', 'Univ-Blida 1', 'Master', 'k_bouchelouche@esi.dz', '', '', '', '', '', '', '', 'Doctorant', '0', 'Femme', '', 'Active', ''),
('88', 'MOUMENI', 'Chadia', 'Uinv-Tebessa', 'Master', 'c_moumeni@esi.dz', '', '', '', '', '', '', '', 'Doctorant', '0', 'Femme', '', 'Active', ''),
('89', 'BOUDJATIT', 'Nour El Houda', 'Univ-Boumerdes', 'Master', 'n_boudjatit@esi.dz', '', '', '', '', '', '', '', 'Doctorant', '0', 'Femme', '', 'Active', ''),
('90', 'SMILI', 'Abderraouf', 'USTHB', 'Master', 'a_smili@esi.dz', '', '', '', '', '', '', '', 'Doctorant', '0', 'Homme', '', 'Active', ''),
('91', 'BOUKABENE', 'Randa', 'ESI', 'Ingeniorat', 'fr_boukabene@esi.dz', '', 'https://dblp.org/pid/288/0321', 'https://www.researchgate.net/search/researcher?q=Randa_Boukabene', 'https://scholar.google.com/scholar?q=Randa+Boukabene', '', '', '', 'Doctorant', '0', 'Femme', '', 'Active', ''),
('92', 'MAOUCHE', 'Hanane', 'ESI', 'Ingeniorat', 'eh_maouche@esi.dz', '', '', '', '', '', '', '', 'Doctorant', '0', 'Femme', '', 'Active', ''),
('93', 'BOUSLIMANI', 'Mariem', 'ESI', 'Ingeniorat', 'gm_bouslimani@esi.dz', '', '', '', '', '', '', '', 'Doctorant', '0', 'Femme', '', 'Active', ''),
('94', 'GHEZAL', 'Yahia Chaouki', 'Univ-Setif', 'Ingeniorat', 'y_ghezal@esi.dz', '', '', '', '', '', '', '', 'Doctorant', '0', 'Homme', '', 'Active', ''),
('95', 'SELMAN', 'Elamine', 'Mauritanie', 'Master', 'e_selman@esi.dz', '', '', '', '', '', '', '', 'Doctorant', '0', 'Homme', '', 'Active', ''),
('96', 'BENHELAL', 'Asmaa', 'Univ-Medea', 'Master', 'a_benhelal@esi.dz', '', '', '', '', '', '', '', 'Doctorant', '0', 'Femme', '', 'Active', ''),
('97', 'FACI', 'Fedoua', 'USTHB', 'Master', 'f_faci@esi.dz', '', '', '', '', '', '', '', 'Doctorant', '0', 'Femme', '', 'Active', ''),
('98', 'AHMED EL ABDY', 'Zeinebou', 'Mauritanie', 'Master', 'z_aref@esi.dz', '', '', '', '', '', '', '', 'Doctorant', '0', 'Femme', '', 'Active','');
INSERT INTO `lmcs_chercheur` (`id_chercheur`, `nom_chercheur`, `prenom_chercheur`,`orcid`, `etablissement`, `diplome`, `email`, `tel`, `dblp_lien`, `research_gate_lien`, `google_scholar_lien`, `site_web`, `grade_ensignement`, `grade_recherche`, `Qualite`, `equipe`, `h_index`, `statut`, `sexe`) VALUES
(1, 'BALLA', 'Amar','0000-0001-5387-6864', 'ESI', 'Doctorat ', 'a_balla@esi.dz', '', 'https://dblp.org/pid/99/3456.html', 'https://www.researchgate.net/search/researcher?q=Amar_Balla', 'https://scholar.google.com/citations?hl=fr&user=n1t4S6UAAAAJ', '', '', 'Directeur de Recherche', 'Enseignant-Chercheur', 'EIAH', 6, 'Active', 'Homme'),
(4, 'BOUZARA', 'Ayoub','', 'Univ-Tiaret', 'Master', 'a_bouzara@esi.dz', '', '', '', '', '', '', '', 'Doctorant', '', 0, 'Active', 'Homme'),
(8, 'KERMI', 'Adel', '0000-0003-4926-101X','ESI', 'Doctorat', 'a_kermi@esi.dz', '', 'https://dblp.org/pid/119/2354.html', 'https://www.researchgate.net/search/researcher?q=Adel_Kermi', 'https://scholar.google.com/citations?hl=fr&user=1UEZWYAAAAAJ', '', '', 'Maetre de recherche', 'Enseignant-Chercheur', 'IMAGE', 3, 'Active', 'Homme'),
(9, 'KHALDI', 'Amina','0000-0003-4935-1840','ESI', 'Ingeniorat', 'a_khaldi@esi.dz', '', 'https://dblp.org/pid/339/9985.html', 'https://www.researchgate.net/search/researcher?q=Amina_Khaldi', 'https://scholar.google.com/scholar?q=Amina+Khaldi', '', '', '', 'Doctorant', '', 1, 'Active', 'Femme'),
(10, 'KHENIFAR', 'Afra','0000-0001-5899-6435', 'ESI', 'Ingeniorat', 'a_khenifar@esi.dz', '', '', 'https://www.researchgate.net/search/researcher?q=Afra_Khenifar', 'https://scholar.google.com/citations?hl=fr&user=x3cefb0AAAAJ', '', '', '', 'Doctorant', '', 0, 'Active', 'Femme'),
(18, 'GUERROUT', 'El Hachemi','0000-0002-8957-4611', 'ESI', 'Doctorat', 'e_guerrout@esi.dz ', '', 'https://dblp.org/pid/86/11218.html', 'https://www.researchgate.net/search/researcher?q=El_Hachemi_Guerrout', 'https://scholar.google.com/citations?hl=fr&user=Dbvc8CwAAAAJ', '', '', 'Maetre de recherche', 'Enseignant-Chercheur', 'IMAGE', 0, 'Active', 'Homme'),
(20, 'BENBOUZID SI TAYEB', 'Fatima','0000-0001-7032-8544', 'ESI', 'Doctorat', 'f_sitayeb@esi.dz', '', 'https://dblp.org/pid/25/6743.html', 'https://www.researchgate.net/search/researcher?q=Fatima_Benbouzid_si_tayeb', 'https://scholar.google.com/citations?hl=fr&user=ri2J--kAAAAJ', '', '', 'Directeur de Recherche', 'Enseignant-Chercheur', 'OPT', 0, 'Active', 'Femme'),
(23, 'NADER', 'Fahima','', 'ESI', 'Doctorat', 'f_nader@esi.dz', '', 'https://dblp.org/pid/17/11042.html', 'https://www.researchgate.net/search/researcher?q=Fahima_Nader', 'https://scholar.google.com/citations?hl=fr&user=XhP-NkYAAAAJ', '', '', 'Directeur de Recherche', 'Enseignant-Chercheur', 'MSI', 4, 'Active', 'Femme'),
(26, 'DJAHNIT', 'Hadjer','', 'USTHB', 'Ingeniorat', 'h_djahnit@esi.dz', '', 'https://dblp.org/pid/306/5941.html', 'https://www.researchgate.net/search/researcher?q=Hadjer_Djahnit', 'https://scholar.google.com/scholar?q=Hadjer+Djahnit', '', '', '', 'Doctorant', '', 0, 'Active', 'Femme'),
(80, 'BELDI', 'Zohra','', 'ESI', 'Ingeniorat', 'z_beldi@esi.dz', '', '', 'https://www.researchgate.net/search/researcher?q=Zohra_Beldi', 'https://scholar.google.com/citations?hl=fr&user=8QWvtZQAAAAJ', '', '', '', 'Doctorant', '', 1, 'Active', 'Femme'),
(43, 'KOUDIL', 'Mouloud','0000-0001-9022-7943', 'ESI', 'Doctorat', 'm_koudil@esi.dz', '', 'https://dblp.org/pid/50/5791.html', 'https://www.researchgate.net/search/researcher?q=Mouloud_Koudil', 'https://scholar.google.com/citations?hl=fr&user=9Zbx-EYAAAAJ', '', '', 'Directeur de Recherche', 'Enseignant-Chercheur', 'CoDesign', 12, 'Active', 'Homme'),
(61, 'MAHIOU', 'Ramdane', '0000-0003-2168-3640','ESI', 'Doctorat', '', 'r_mahiou@esi.dz', 'https://dblp.org/pid/71/8381.html', 'https://www.researchgate.net/search/researcher?q=Ramdane_Mahiou', 'https://scholar.google.com/citations?hl=fr&user=eFAj_SkAAAAJ', '', '', 'Maetre de recherche', 'Enseignant-Chercheur', '', 4, 'Active', 'Homme'),
(69, 'CHALAL', 'Rachid','0000-0002-0768-2994', 'ESI', 'Doctorat', 'r_chalal@esi.dz', '', 'https://dblp.org/pid/91/7093.html', 'https://www.researchgate.net/search/researcher?q=Chalal_Rachid', 'https://scholar.google.com/citations?hl=fr&user=qMYUliQAAAAJ', '', '', 'Directeur de Recherche', 'Enseignant-Chercheur', 'MSI', 0, 'Active', 'Homme'),
(34, 'BENATCHBA', 'Karima','0000-0002-3302-7344', 'ESI', 'Doctorat', 'k_benatchba@esi.dz', '', 'https://dblp.org/pid/64/997.html', 'https://www.researchgate.net/search/researcher?q=Karima_Benatchba', 'https://scholar.google.com/citations?hl=fr&user=7iGY4M0AAAAJ', '', '', 'Directeur de Recherche', 'Enseignant-Chercheur', 'OPT', 9, 'Active', 'Femme'),
(46, 'NAEM', 'Mohammed Sharief Abdelrrahmane','', 'Sudan', 'Master', 'm_naem@esi.dz', '', 'https://dblp.org/pid/319/0298.html', '', 'https://scholar.google.com/citations?user=7k2is_4AAAAJ&hl=fr&oi=ao', '', '', '', 'Doctorant', '', 0, 'Active', 'Homme'),
(78, 'HAKIMI', 'Yacine','', 'Univ-Blida 1', 'Master', 'y_hakimi@esi.dz', '', 'https://dblp.org/pid/360/3333.html', 'https://www.researchgate.net/search/researcher?q=Yacine_Hakimi', 'https://scholar.google.com/scholar?q=Yacine+Hakimi', '', '', '', 'Doctorant', '', 0, 'Active', 'Homme'),
(74, 'AISSAOUI', 'Yamina','', 'Univ-Tebessa', 'Master', 'y_aissaoui@esi.dz', '', '', '', '', '', '', '', 'Doctorant', '', 0, 'Active', 'Femme'),
(57, 'GHOMARI', 'Abdessamed Reda','0000-0002-0683-9304', 'ESI', 'Doctorat', 'a_ghomari@esi.dz', '', 'https://dblp.org/pid/98/7095.html', 'https://www.researchgate.net/search/researcher?q=Reda_Abdessamed_Ghomari', 'https://scholar.google.com/citations?hl=fr&user=hha1UuUAAAAJ', '', '', 'Directeur de Recherche', 'Enseignant-Chercheur', 'MSI', 0, 'Active', 'Homme'),
(79, 'KHENFOUCI', 'Yamina','', 'USTHB', 'Ingeniorat', 'y_khenfouci@esi.dz', '', 'https://dblp.org/pid/365/7965.html', 'https://www.researchgate.net/search/researcher?q=Yamina_Khenfouci', 'https://scholar.google.com/citations?user=LxxtSuUAAAAJ&hl=fr&oi=ao', '', '', '', 'Doctorant', '', 0, 'Active', 'Femme'),
(42, 'BESSEDIK', 'Malika','0000-0002-1007-9096', 'ESI', 'Doctorat', 'm_bessedik@esi.dz', '', 'https://dblp.org/pid/02/5217.html', 'https://www.researchgate.net/search/researcher?q=Malika_Bessedik', 'https://scholar.google.com/citations?hl=fr&user=FTzfUeEAAAAJ', '', '', 'Directeur de Recherche', 'Enseignant-Chercheur', '', 5, 'Active', 'Femme'),
(54, 'TOUAFEK', 'Nesrine','0009-0009-9423-4046', 'ESI', 'Ingeniorat', 'n_touafek@esi.dz', '', 'https://dblp.org/pid/329/2829.html', 'https://www.researchgate.net/search/researcher?q=Nesrine_Touafek', 'https://scholar.google.com/citations?user=hqXqdLsAAAAJ&hl=fr&oi=ao', '', '', '', 'Doctarant', '', 1, 'Active', 'Femme'),
(48, 'BOUSBIA', 'Nabila','0000-0001-6777-3567', 'ESI', 'Doctorat', 'n_bousbia@esi.dz', '', 'https://dblp.org/pid/15/6951.html', 'https://www.researchgate.net/search/researcher?q=Nabila_Bousbia', 'https://scholar.google.com/citations?hl=fr&user=_u5IOC4AAAAJ', '', '', 'Maetre de recherche', 'Enseignant-Chercheur', '', 3, 'Active', 'Femme'),
(52, 'NADJEH', 'Nibel','', 'Univ-Boumerdes', 'Master', 'n_nadjeh@esi.dz', '', '', 'https://www.researchgate.net/search/researcher?q=Nibel_Nadjeh', 'https://scholar.google.com/citations?hl=fr&user=QwD7EYsAAAAJ', '', '', '', 'Doctorant', '', 0, 'Active', 'Femme');

INSERT INTO `lmcs_publication` (`id`, `id_chercheur`, `Conf_Journal_id`, `anne`, `titre_publication`, `volume`, `citations`, `lien_publie`, `nombre_page`, `rang_chercheur`) VALUES
(3, 43, 261, 2014, 'Extraction method of Region of Interest from hand palm: Application with contactless and touchable devices', '10', 9, '', '77-82', 3),
(8, 43, 213, 2017, 'Multibiometrics enhancement using quality measurement in score level fusion', '16', 5, '', '', 5),
(10, 34, 9, 2015, 'Score level fusion scheme in hybrid multibiometric system', '4', 4, '', '', 3),
(12, 43, 9, 2015, 'Score level fusion scheme in hybrid multibiometric system', '4', 4, '', '', 5),
(13, 34, 9, 2015, 'A critical comparison of fingerprint fuzzy vault techniques', '4', 4, '', '', 5),
(17, 34, 448, 2017, 'Chaff-Points Generation Using Knapsack Problem Resolution in Fingerprint Fuzzy Vault', '16', 1, '', '', 4),
(19, 43, 448, 2017, 'Chaff-Points Generation Using Knapsack Problem Resolution in Fingerprint Fuzzy Vault', '16', 1, '', '', 5),
(20, 43, 374, 2015, 'Palmprint recognition system: Case Study with different databases.', '10', 1, '', '', 4),
(23, 34, 179, 2021, 'Optimized multi?biometric enhancement analysis', '10', 0, '', '326-341', 3),
(24, 43, 179, 2021, 'Optimized multi?biometric enhancement analysis', '10', 0, '', '326-341', 4),
(37, 69, 225, 2017, 'Modelization of User Satisfaction in IS research', '5', 11, '', '', 2),
(47, 9, 86, 2022, 'A Gamification Approach for E-Learning in Higher Education', '', 0, '', '', 1),
(48, 23, 86, 2022, 'A Gamification Approach for E-Learning in Higher Education', '', 0, '', '', 2),
(59, 23, 310, 2015, 'A knowledge-based framework for a mobile OLAP system', '1', 0, '', '72-114', 3),
(65, 18, 268, 2012, 'Satellite and aerial image mosaicing-a comparative insight', '16', 36, '', '652-657', 4),
(66, 61, 268, 2012, 'Satellite and aerial image mosaicing-a comparative insight', '16', 36, '', '652-657', 2),
(70, 61, 550, 0, 'EsiReg: Image stitching for video mosaicking and panorama creation', '', 0, '', '', 3),
(71, 23, 550, 0, 'Visual Data Mining Framework Based on a Peer-to-Peer Architecture', '', 0, '', '', 2),
(72, 34, 102, 2020, 'A learning variable neighborhood search approach for induction machines bearing failures detection and diagnosis', '13', 9, '', '2953', 3),
(73, 20, 102, 2020, 'A learning variable neighborhood search approach for induction machines bearing failures detection and diagnosis', '13', 9, '', '2953', 2),
(75, 34, 123, 2019, 'Induction machines bearing failures detection and diagnosis using variable neighborhood search', '45', 6, '', '', 3),
(77, 20, 123, 2019, 'Induction machines bearing failures detection and diagnosis using variable neighborhood search', '45', 6, '', '', 2),
(78, 34, 123, 2017, 'Classical mechanics-inspired optimization metaheuristic for induction machines bearing failures detection and diagnosis', '43', 5, '', '', 3),
(80, 20, 123, 2017, 'Classical mechanics-inspired optimization metaheuristic for induction machines bearing failures detection and diagnosis', '43', 5, '', '', 2),
(81, 34, 479, 2016, 'Classical Mechanics Optimization for Image Segmentation', '', 1, '', '', 2),
(83, 34, 496, 2016, 'Classical Mechanics Optimization for image segmentation', '', 0, '', '', 1),
(89, 34, 550, 0, 'Classical Mechanics Optimization for image segmentation', '', 0, '', '', 2),
(92, 42, 433, 2018, 'Nash-Pareto genetic algorithm for the frequency assignment problem', '126', 12, '', '282-291', 2),
(94, 20, 433, 2018, 'Nash-Pareto genetic algorithm for the frequency assignment problem', '126', 12, '', '282-291', 3),
(96, 20, 439, 2020, 'A game-theoretic approach for the multi-objective frequency assignment problem in mobile networks', '35', 2, '', '1002-1009', 2),
(97, 42, 439, 2020, 'A game-theoretic approach for the multi-objective frequency assignment problem in mobile networks', '35', 2, '', '1002-1009', 3),
(100, 20, 19, 2023, 'A game-theoretical constructive approach for the multi-objective frequency assignment problem', '', 0, '', '', 3),
(101, 42, 19, 2023, 'A game-theoretical constructive approach for the multi-objective frequency assignment problem', '', 0, '', '', 2),
(104, 23, 433, 2020, 'Event Nugget Detection using Pre-trained Language Models', '176', 0, '', '320-329', 3),
(107, 43, 484, 2022, 'Product Quality Assessment in the Internet of Things: A Consumer-Oriented Approach', '22', 3, '', '2215', 2),
(119, 34, 7, 2019, 'Qbso-fs: A reinforcement learning based bee swarm optimization metaheuristic for feature selection', '15', 28, '', '', 5),
(121, 34, 7, 2015, 'BSO-FS: bee swarm optimization for feature selection in classification', '13', 14, '', '', 3),
(124, 34, 412, 2021, 'Meta-learning to select the best metaheuristic for the maxsat problem', '6', 5, '', '', 4),
(126, 34, 407, 2020, 'Feature selection based bee swarm meta-heuristic approach for combinatorial optimisation problems: a case-study on MaxSAT', '12', 5, '', '283-298', 4),
(128, 34, 7, 2019, 'Unsupervised learning bee swarm optimization metaheuristic', '15', 4, '', '', 5),
(131, 34, 355, 2023, 'Offline Substitution Machine Learning Model for the Prediction of Fitness of GA-ARM', '', 0, '', '130-142', 4),
(140, 42, 128, 2019, 'A new brainstorming based algorithm for the community detection problem', '', 6, '', '2958-2965', 2),
(141, 80, 128, 2019, 'A new brainstorming based algorithm for the community detection problem', '', 6, '', '2958-2965', 1),
(142, 42, 433, 2023, 'A QLearning Approach for an efficient Estimation Of Initial Number of Communities in social networks', '225', 0, '', '3785-3794', 2),
(143, 80, 433, 2023, 'A QLearning Approach for an efficient Estimation Of Initial Number of Communities in social networks', '225', 0, '', '3785-3794', 1),
(144, 20, 14, 2023, 'A Reinforcing-Learning-Driven Artificial Bee Colony Algorithm for Scheduling Jobs and Flexible Maintenance under Learning and Deteriorating Effects', '16', 1, '', '397', 2),
(145, 54, 14, 2023, 'A Reinforcing-Learning-Driven Artificial Bee Colony Algorithm for Scheduling Jobs and Flexible Maintenance under Learning and Deteriorating Effects', '16', 1, '', '397', 1),
(146, 20, 239, 2022, 'An Integrated Artificial Bee Colony Algorithm for Scheduling Jobs and Flexible Maintenance with Learning and Deteriorating Effects', '', 1, '', '647-659', 2),
(147, 54, 239, 2022, 'An Integrated Artificial Bee Colony Algorithm for Scheduling Jobs and Flexible Maintenance with Learning and Deteriorating Effects', '', 1, '', '647-659', 1),
(148, 20, 433, 2022, 'Permutation Flowshop Scheduling Problem Considering Learning, Deteriorating Effects and Flexible Maintenance', '207', 1, '', '2518-2525', 3),
(149, 54, 433, 2022, 'Permutation Flowshop Scheduling Problem Considering Learning, Deteriorating Effects and Flexible Maintenance', '207', 1, '', '2518-2525', 1),
(150, 23, 119, 2023, 'CSP-DC: Data Cleaning via Constraint Satisfaction Problem Solving', '2', 0, '', '478-488', 3),
(151, 34, 275, 2019, 'A New Hyper-Heuristic to Generate Effective Instance GA for the Permutation Flow Shop Problem', '23', 12, '', '', 3),
(152, 20, 275, 2019, 'A New Hyper-Heuristic to Generate Effective Instance GA for the Permutation Flow Shop Problem', '23', 12, '', '', 4),
(153, 34, 19, 2022, 'Adaptive search space to generate a per-instance genetic algorithm for the permutation flow shop problem', '124', 5, '', '109079', 2),
(154, 20, 19, 2022, 'Adaptive search space to generate a per-instance genetic algorithm for the permutation flow shop problem', '', 5, '', '', 3),
(156, 34, 433, 2023, 'An Analysis of Effective Per-instance Tailored GAs for the Permutation Flowshop Scheduling Problem', '225', 0, '', '3958-3966', 3),
(157, 20, 433, 2023, 'An Analysis of Effective Per-instance Tailored GAs for the Permutation Flowshop Scheduling Problem', '225', 0, '', '3958-3966', 2),
(159, 57, 232, 2022, 'An IoT and spatial Big data based architecture for monitoring Occupational Health Risks exposure', '1', 5, '', '', 2),
(162, 57, 269, 2020, 'Towards a spatial data warehouse for occupational health risk management', '1', 4, '', '', 2),
(164, 57, 358, 2021, 'An ontology-driven approach for OHS, SMT Case', '2', 2, '', '', 2),
(166, 57, 362, 2018, 'Traceability of professional risks exposure data for occupational health', '', 2, '', '', 2),
(168, 57, 506, 2023, 'A spatial data integration and visualization approach for occupational health and safety risks management: Application to Algerian electricity and gas company', '', 1, '', '', 2),
(171, 57, 41, 2019, 'Apports du Geo-decisionnel pour la prevention des risques professionnels. Application au cas SMT sonelgaz', '52', 0, '', '3-4', 2),
(172, 43, 458, 2014, 'A recursive approach to enable the collective level interaction of the Web of Things applications', '', 6, '', '', 5),
(173, 43, 158, 2016, 'About cooperation of multiagent collective products: An approach in the context of cyber-physical systems', '', 5, '', '', 5),
(174, 10, 158, 2016, 'About cooperation of multiagent collective products: An approach in the context of cyber-physical systems', '', 5, '', '', 1),
(175, 43, 392, 2016, 'De la cooperation des productions collectives dans un contexte multi-agent', '', 2, '', '', 5),
(176, 10, 392, 2016, 'De la cooperation des productions collectives dans un contexte multi-agent', '', 2, '', '', 1),
(177, 43, 519, 2015, 'Vers une cooperation des collectifs de systemes multi-agents heterogenes', '', 1, '', '', 4),
(178, 10, 519, 2015, 'Vers une cooperation des collectifs de systemes multi-agents heterogenes', '', 1, '', '', 1),
(179, 23, 337, 2023, 'An adaptive semantic annotation tool for teachers based on Context-Aware and Internet of Things', '', 0, '', '', 3),
(180, 43, 111, 2022, 'A Meta-Agent Based Approach to Exploit the Collective Product of Mobile Cyber-Physical Collectives', '9', 0, '', '904819', 5),
(181, 10, 111, 2022, 'A Meta-Agent Based Approach to Exploit the Collective Product of Mobile Cyber-Physical Collectives', '9', 0, '', '904819', 1),
(182, 43, 470, 2017, 'De la cooperation de collectifs multi-agents. Un modele d utilisation de productions collectives.', '31', 0, '', '97-132', 5),
(183, 10, 470, 2017, 'De la cooperation de collectifs multi-agents. Un modele d utilisation de productions collectives.', '31', 0, '', '97-132', 1),
(184, 43, 550, 0, 'About cooperation of multiagent teams: A model to use collective products About cooperation of multiagent teams: A model to use collective products', '', 0, '', '', 5),
(185, 10, 550, 0, 'About cooperation of multiagent teams: A model to use collective products About cooperation of multiagent teams: A model to use collective products', '', 0, '', '', 1),
(186, 10, 87, 0, 'developpement deun systeme collaboratif communicant sans fil pour la surveillance des feux de forets.', '', 0, '', '', 1),
(187, 20, 48, 2020, 'Thermal mixing performances of shear-thinning non-Newtonian fluids inside Two-Layer Crossing Channels Micromixer using entropy generation method: Comparative study', '156', 17, '', '108099', 1),
(189, 69, 62, 2015, 'Requirement analysis in data warehouses to support external information', '5', 5, '', '', 2),
(191, 69, 62, 2015, 'Engineering the Requirements of Data Warehouses: A Comparative Study of Goal-Oriented Approaches', '5', 1, '', '', 2),
(240, 1, 516, 2012, 'SQAR: an annotation-based study process to enhance the learneres personal learning', '', 5, '', '', 3),
(242, 1, 276, 2010, 'An annotation-based pedagogical memory model for learner', '', 5, '', '190-197', 3),
(248, 69, 299, 2018, 'EI-Annotate: An adaptive collective memory based on annotation ontology and context for decision making in economic intelligence', '29', 3, '', '207-232', 4),
(249, 23, 299, 2018, 'EI-Annotate: An adaptive collective memory based on annotation ontology and context for decision making in economic intelligence', '29', 3, '', '207-232', 3),
(256, 48, 422, 2014, 'ESITrace: a user side trace and annotation collection tool', '', 2, '', '', 2),
(258, 57, 276, 2010, 'TKVM: A method and tool for school web sites knowledge cartography', '', 2, '', '489-496', 3),
(276, 57, 53, 2021, 'Numerique et Resilience des Ecoles Superieures. Retour deExperience du Cas ESI Alger', '', 0, '', '', 1),
(280, 74, 362, 2018, 'ESIRocommender: Social Recommender System Based On Sentiments Analysis and Trust Between Learners', '7', 0, '', '', 1),
(291, 34, 280, 2014, 'Ranked matching of OWL-S process model for distributed discovery of SWs in P2P systems', '17', 13, '', '106-113', 2),
(292, 1, 280, 2014, 'Ranked matching of OWL-S process model for distributed discovery of SWs in P2P systems', '17', 13, '', '106-113', 3),
(293, 1, 313, 2016, 'A Semantic Analysis of the Learner s Disorientation.', '11', 8, '', '1-16', 3),
(294, 48, 313, 2016, 'A Semantic Analysis of the Learner s Disorientation.', '11', 8, '', '1-17', 2),
(295, 1, 473, 2013, 'PHARAS: Une plate-forme deanalyse basee sur le formalisme HPSG pour leArabe standard: Developpements recents et perspectives', '20', 8, '', '21', 2),
(296, 34, 283, 2013, 'HPS5DSWS: A hybrid P2P strategy of the distributed discovery mechanism for semantic web services', '8', 6, '', '', 2),
(297, 1, 283, 2013, 'HPS5DSWS: A hybrid P2P strategy of the distributed discovery mechanism for semantic web services', '8', 6, '', '', 3),
(298, 1, 250, 2013, 'An approach for personalizing learning content in e-learning systems: A review', '2', 6, '', '', 2),
(299, 1, 83, 2003, 'HYPERGAP: un hypermedia educatif dynamique generant des activites pedagogiques', '7', 6, '', '39-57', 1),
(300, 34, 156, 2014, 'Hybrid ontology-based matching for distributed discovery of sws in p2p systems', '', 5, '', '', 2),
(301, 1, 156, 2014, 'Hybrid ontology-based matching for distributed discovery of sws in p2p systems', '', 5, '', '', 3),
(302, 34, 433, 2015, 'Similarity flooding for efficient distributed discovery of OWL-S process model in P2P networks', '56', 4, '', '317-324', 2),
(303, 1, 433, 2015, 'Similarity flooding for efficient distributed discovery of OWL-S process model in P2P networks', '56', 4, '', '317-324', 3),
(304, 34, 216, 2013, 'DA5DCsws: a distributed architecture for semantic web services discovery and composition', '8', 4, '', '', 2),
(305, 1, 216, 2013, 'DA5DCsws: a distributed architecture for semantic web services discovery and composition', '8', 4, '', '', 3),
(306, 34, 82, 2015, 'Efficient P2P approach for a better automation of the distributed discovery of sws', '12', 2, '', '', 2),
(307, 1, 82, 2015, 'Efficient P2P approach for a better automation of the distributed discovery of sws', '12', 2, '', '', 3),
(308, 1, 362, 2014, 'The impact of digital library in detecting of learning difficulties', '4', 2, '', '', 2),
(309, 1, 497, 2014, 'The use of ontology in semantic analysis of the published learners messages for adaptability', '1', 2, '', '', 2),
(310, 1, 321, 2006, 'Leevaluation de leapprenant dans les environnements deapprentissage: problematique et reflexions', '', 2, '', '', 2),
(311, 1, 539, 2014, 'An Open Platform Based on HPSG Formalism for the Standard Arabic', '', 1, '', '', 2),
(312, 1, 206, 2014, 'The Use of Ontology in Semantic Analysis of the Learners Queries on the Web through Search Engines.', '6', 1, '', '121-130', 2),
(313, 1, 93, 2008, 'eDalgo: An Hypermedia for a Self Regulated Learning of C Programming', '', 1, '', '1860-1867', 4),
(314, 1, 431, 2008, 'DECOUVERTE PERSONNALISEE DES WEB SERVICES E-LEARNING', '', 1, '', '', 2),
(315, 1, 293, 0, 'eVers une adaptabilite du scenario deapprentissage e base deindicateurs de parcoursee', '', 1, '', '', 3),
(316, 48, 293, 0, 'eVers une adaptabilite du scenario deapprentissage e base deindicateurs de parcoursee', '', 1, '', '', 2),
(317, 1, 341, 2014, 'Improving Personalization In E-Learning Systems', '', 0, '', '', 2),
(318, 34, 550, 2014, 'A Distributed Framework for Semantic Web services Automatic Discovery and Composition Based on Matching of OWL-S', '', 0, '', '', 2),
(319, 1, 550, 2014, 'A Distributed Framework for Semantic Web services Automatic Discovery and Composition Based on Matching of OWL-S', '', 0, '', '', 3),
(320, 1, 226, 2013, 'A Standard Model of Sciences around Koran', '', 0, '', '', 2),
(321, 1, 106, 2009, 'eDalgo: Pluri culturalite dans l enseignement de la programmation via les TICE et le eLearning', '', 0, '', '', 2),
(322, 1, 293, 2008, 'Vers une adaptabilite du scenario deapprentissage e base deindicateur de parcours', '8', 0, '', '294-299', 3),
(323, 48, 293, 2008, 'Vers une adaptabilite du scenario deapprentissage e base deindicateur de parcours', '8', 0, '', '294-299', 2),
(324, 1, 197, 2008, 'Indexation des documents XML: Un DataGuide annote avec un index de contenu.', '', 0, '', '', 3),
(325, 1, 196, 2004, 'Multi-agents system for the collective training through a play: SMAAC', '5', 0, '', '', 1),
(326, 1, 550, 0, 'Enrichment of learner profile through a semantic analysis of the posted discussion', '', 0, '', '', 2),
(327, 34, 19, 2017, 'A new MPPT controller based on the Ant colony optimization algorithm for Photovoltaic systems under partial shading conditions', '58', 314, '', '465-479', 4),
(328, 34, 193, 2019, 'Tracking community evolution in social networks: A survey', '56', 160, '', '1084-1102', 4),
(329, 20, 193, 2019, 'Tracking community evolution in social networks: A survey', '56', 160, '', '1084-1102', 2),
(330, 34, 17, 2007, 'Using artificial bees to solve partitioning and scheduling problems in codesign', '186', 85, '', '1710-1722', 2),
(331, 43, 17, 2007, 'Using artificial bees to solve partitioning and scheduling problems in codesign', '186', 85, '', '1710-1722', 1),
(332, 34, 21, 2005, 'Using bees to solve a data-mining problem expressed as a max-sat one', '', 81, '', '', 1),
(333, 43, 21, 2005, 'Using bees to solve a data-mining problem expressed as a max-sat one', '', 81, '', '', 3),
(335, 34, 160, 2012, 'A new weighted shortest path tree for convergecast traffic routing in WSN', '', 54, '', '000187-000192', 6),
(336, 43, 160, 2012, 'A new weighted shortest path tree for convergecast traffic routing in WSN', '', 54, '', '000187-000192', 2),
(339, 34, 17, 2006, 'AntPart: an algorithm for the unsupervised classification problem using ants', '180', 40, '', '16-28', 2),
(340, 43, 17, 2006, 'AntPart: an algorithm for the unsupervised classification problem using ants', '180', 40, '', '16-28', 3),
(342, 34, 438, 2019, 'Community evolution prediction in dynamic social networks using community features  change rates', '34', 21, '', '2078-2085', 4),
(343, 20, 438, 2019, 'Community evolution prediction in dynamic social networks using community features  change rates', '34', 21, '', '2078-2085', 2),
(344, 34, 504, 2017, 'Adaptive and dual data-communication trust scheme for clustered wireless sensor networks', '65', 21, '', '605-619', 4),
(345, 43, 504, 2017, 'Adaptive and dual data-communication trust scheme for clustered wireless sensor networks', '65', 21, '', '605-619', 2),
(346, 34, 123, 2006, 'Image segmentation using quantum genetic algorithms', '32', 21, '', '3556-3563', 1),
(347, 43, 123, 2006, 'Image segmentation using quantum genetic algorithms', '32', 21, '', '3556-3563', 2),
(348, 34, 426, 2018, 'Game theory-based integration of scheduling with flexible and periodic maintenance planning in the permutation flowshop sequencing problem', '18', 19, '', '221-255', 2),
(349, 20, 426, 2018, 'Game theory-based integration of scheduling with flexible and periodic maintenance planning in the permutation flowshop sequencing problem', '18', 19, '', '221-255', 1),
(350, 34, 356, 2005, 'Solving partitioning problem in codesign with ant colonies', '', 13, '', '', 2),
(351, 43, 356, 2005, 'Solving partitioning problem in codesign with ant colonies', '', 13, '', '', 1),
(352, 34, 211, 2020, 'Solving the unrelated parallel machine scheduling problem with setups using late acceptance hill climbing', '12', 12, '', '', 4),
(353, 34, 433, 2019, 'A new hyper-heuristic to generate effective instance GA for the permutation flow shop problem', '159', 12, '', '1365-1374', 3),
(354, 20, 433, 2019, 'A new hyper-heuristic to generate effective instance GA for the permutation flow shop problem', '159', 12, '', '1365-1374', 4),
(355, 34, 142, 2018, 'Sensitive analysis of timeframe type and size impact on community evolution prediction', '', 12, '', '1-8', 4),
(356, 20, 142, 2018, 'Sensitive analysis of timeframe type and size impact on community evolution prediction', '', 12, '', '1-8', 2),
(357, 34, 124, 2004, 'Using ant colonies to solve data-mining problems', '', 11, '', '', 2),
(358, 43, 124, 2004, 'Using ant colonies to solve data-mining problems', '', 11, '', '', 3),
(360, 34, 368, 2016, 'Efficient distributed discovery and composition of OWL-S process model in P2P systems', '7', 10, '', '187-203', 2),
(361, 1, 368, 2016, 'Efficient distributed discovery and composition of OWL-S process model in P2P systems', '7', 10, '', '187-203', 3),
(362, 43, 154, 2008, 'ISA an algorithm for image segmentation using ants', '', 10, '', '2503-2507', 2),
(363, 34, 154, 2008, 'ISA an algorithm for image segmentation using ants', '', 10, '', '2503-2507', 1),
(364, 34, 302, 2020, 'Two-level parallel CPU/GPU-based genetic algorithm for association rule mining', '22', 8, '', '335-345', 3),
(365, 34, 51, 2002, 'PARME un environnement pour la r esolution du probl eme Max-Sat', '2', 8, '', '', 1),
(366, 43, 51, 2002, 'PARME un environnement pour la r esolution du probl eme Max-Sat', '2', 8, '', '', 2),
(367, 34, 421, 2021, 'Tailored network splitting for community evolution prediction in dynamic social networks', '39', 7, '', '303-340', 3),
(368, 20, 421, 2021, 'Tailored network splitting for community evolution prediction in dynamic social networks', '39', 7, '', '303-340', 2),
(369, 34, 431, 2020, 'A deep learning based cost model for automatic code optimization in tiramisu', '', 7, '', '', 5),
(370, 34, 129, 2015, 'Adaptive data-communication trust mechanism for clustered wireless sensor networks', '', 6, '', '1-6', 4),
(371, 43, 129, 2015, 'Adaptive data-communication trust mechanism for clustered wireless sensor networks', '', 6, '', '1-6', 2),
(372, 34, 336, 2013, 'Multi-agent financial market simulation: evolutionist approach', '8', 6, '', '185-199', 4),
(373, 34, 277, 2004, 'Application of ant colonies to data-mining expressed as Max-Sat problems', '', 6, '', '', 1),
(374, 43, 277, 2004, 'Application of ant colonies to data-mining expressed as Max-Sat problems', '', 6, '', '', 3),
(376, 34, 355, 2003, 'Using genetic algorithms for solving partitioning problem in codesign', '', 6, '', '393-400', 2),
(377, 43, 355, 2003, 'Using genetic algorithms for solving partitioning problem in codesign', '', 6, '', '393-400', 1),
(378, 34, 57, 2018, 'Basketball analytics. Data mining for acquiring performances', '6', 5, '', '', 2),
(379, 34, 254, 2013, 'Parallel B&B algorithm for hybrid multi-core/GPU architectures', '10', 5, '', '', 5),
(380, 34, 7, 2019, 'Impact of genetic algorithms operators on association rules extraction', '15', 4, '', '', 2),
(381, 34, 153, 2016, 'Heuristic based routing algorithm for network on chip', '', 4, '', '', 5),
(382, 43, 153, 2016, 'Heuristic based routing algorithm for network on chip', '10', 4, '', '', 4),
(383, 34, 295, 2015, 'A bi-objective heuristic for heterogeneous MPSoC design space exploration', '10', 4, '', '90-95', 4),
(384, 43, 295, 2015, 'A bi-objective heuristic for heterogeneous MPSoC design space exploration', '10', 4, '', '90-95', 5),
(385, 34, 363, 2003, 'An adapted genetic algorithms for solving Max-Sat problems. WSEAS TRANSACTIONS on SYSEMS. Issue 4', '', 4, '', '1109-2777', 1),
(386, 34, 550, 2022, 'Adaptive search space to generate a per-instance genetic algorithm for the permutation flow shop problem', '', 3, '', '', 2),
(387, 20, 550, 2022, 'Adaptive search space to generate a per-instance genetic algorithm for the permutation flow shop problem', '', 3, '', '', 3),
(388, 34, 298, 2021, 'Performance assessment of biogeography-based multi-objective algorithm for frequency assignment problem', '18', 3, '', '199-209', 2),
(389, 42, 298, 2021, 'Performance assessment of biogeography-based multi-objective algorithm for frequency assignment problem', '18', 3, '', '199-209', 3),
(390, 34, 58, 2013, 'Driverse Behaviour Modelling for Virtual Worlds: A Multi-agent Approach', '', 3, '', '1-15', 3),
(391, 34, 400, 2004, 'Application of satisfiability algorithms to time-table problems', '', 3, '', '', 3),
(392, 43, 400, 2004, 'Application of satisfiability algorithms to time-table problems', '', 3, '', '', 2),
(393, 23, 400, 2004, 'Application of satisfiability algorithms to time-table problems', '', 3, '', '', 1),
(395, 34, 547, 2004, 'A parallel environment using taboo search and genetic algorithms for solving partitioning problems in codesign', '3', 3, '', '8-13', 3),
(396, 43, 547, 2004, 'A parallel environment using taboo search and genetic algorithms for solving partitioning problems in codesign', '3', 3, '', '8-13', 2),
(398, 34, 491, 2021, 'Association Rules Mining: Exact, Approximate and Parallel Methods: A Survey', '2', 2, '', '449', 2),
(399, 34, 123, 2019, 'Matching similarity scores for a minutiae-based palmprint recognition', '45', 2, '', '', 2),
(400, 43, 123, 2019, 'Matching similarity scores for a minutiae-based palmprint recognition', '45', 2, '', '', 3),
(401, 34, 227, 2015, 'Multitasking in emotion modelling: Attention Control', '', 2, '', '', 5),
(402, 34, 62, 2015, 'Region-edge cooperation for image segmentation using game theory', '5', 2, '', '', 2),
(403, 34, 419, 2014, 'A Cooperative approach using ants and bees for the graph coloring problem', '', 2, '', '', 3),
(404, 42, 419, 2014, 'A Cooperative approach using ants and bees for the graph coloring problem', '', 2, '', '', 1),
(405, 34, 418, 2013, 'Self organized biogeography algorithm for clustering', '5', 2, '', '', 5),
(406, 34, 171, 2022, 'A Hybrid Artificial Bee Colony Algorithm with Simulated Annealing for Enhanced Community Detection in Social Networks', '', 1, '', '', 2),
(407, 20, 171, 2022, 'A Hybrid Artificial Bee Colony Algorithm with Simulated Annealing for Enhanced Community Detection in Social Networks', '', 1, '', '', 3),
(408, 20, 33, 2022, 'Progress Report: A Deep Learning Guided Exploration of Affine Unimodular Loop Transformations', '', 1, '', '', 5),
(409, 34, 40, 2019, 'Evaluation of Identity Information Loss in EEG-Based Biometric Systems', '12', 1, '', '', 4),
(410, 34, 185, 2018, 'Similarity Measures for Spatial Clustering', '', 1, '', '', 2),
(411, 34, 126, 2015, 'Game theoretic modelling of the integrated production and preventive maintenance scheduling problem in permutation flowshops', '54', 1, '', '5184-5189', 3),
(412, 20, 126, 2015, 'Game theoretic modelling of the integrated production and preventive maintenance scheduling problem in permutation flowshops', '54', 1, '', '5184-5189', 1),
(413, 34, 283, 2015, 'Towards Efficient and Effective Distributed Discovery of SWs in P2P Overlay Networks', '10', 1, '', '', 2),
(414, 1, 283, 2015, 'Towards Efficient and Effective Distributed Discovery of SWs in P2P Overlay Networks', '10', 1, '', '', 3),
(415, 34, 123, 2013, 'Bees for block matching', '39', 1, '', '', 5),
(417, 34, 222, 2012, 'Multi-agent liquidity risk management in an interbank net settlement system', '8', 1, '', '', 4),
(418, 34, 550, 2024, 'A Machine Learning Approach for Malware Detection based on Image Conversion', '', 0, '', '', 3),
(419, 34, 413, 2023, 'Towards Optimal Frequency Plans a Survey of Frequency Assignment Strategies, Models and Methods', '', 0, '', '', 3),
(420, 34, 447, 2023, 'Enhancing Explanaibility in AI: Food Recommender System Use Case', '11', 0, '', '', 5),
(421, 34, 148, 2023, 'On data selection for the energy efficiency of neural networks: Towards a new solution based on a dynamic selectivity ratio', '35', 0, '', '', 3),
(422, 34, 155, 2023, 'Cooperative Deep Reinforcement Learning for Dynamic Pollution Plume Monitoring using a Drone Fleet', '', 0, '', '', 5),
(423, 34, 239, 2023, 'A Fitness Approximation Assisted Hyper-heuristic for the Permutation Flowshop Problem', '', 0, '', '534-545', 3),
(424, 20, 239, 2023, 'A Fitness Approximation Assisted Hyper-heuristic for the Permutation Flowshop Problem', '', 0, '', '534-545', 4),
(425, 34, 433, 2023, 'Fitness Approximation Surrogate-assisted Hyper-heuristic for the Permutation Flowshop Problem', '225', 0, '', '4043-4054', 4),
(426, 20, 433, 2023, 'Fitness Approximation Surrogate-assisted Hyper-heuristic for the Permutation Flowshop Problem', '225', 0, '', '4043-4054', 3),
(427, 34, 245, 2022, 'Extraction of Association Rules from Data Stream Using Genetic Algorithm', '', 0, '', '290-301', 2),
(428, 34, 489, 2021, 'EPredictor: An Experimental Platform for Community Evolution Prediction Tests.', '', 0, '', '295-302', 3),
(429, 20, 489, 2021, 'EPredictor: An Experimental Platform for Community Evolution Prediction Tests.', '', 0, '', '295-302', 2),
(430, 34, 535, 2021, 'Impact of Tailored Network Splitting and Community Features  Change Rates on Prediction Accuracy in Dynamic Social Networks.', '', 0, '', '95-102', 2),
(431, 20, 535, 2021, 'Impact of Tailored Network Splitting and Community Features  Change Rates on Prediction Accuracy in Dynamic Social Networks.', '', 0, '', '95-102', 3),
(432, 34, 40, 2019, 'Evaluation of Identity Information Loss in EEG-Based Biometric Systems', '12', 0, '', '', 1),
(433, 34, 202, 2019, 'Effective Simulated Annealing for the Unrelated Parallel Scheduling Problem with Machine and Sequence-dependent Setup Times.', '', 0, '', '', 4),
(434, 34, 186, 2018, 'Chaff-Points Generation Method Based on Adaptive Genetic Algorithms and Non-Fixed Size Squares Boundaries for Resource Constrained Devices', '9', 0, '', '', 2),
(436, 34, 210, 2017, 'A Dynamic Model to enhance the Distributed Discovery of services in P2P Overlay Networks', '10', 0, '', '', 2),
(437, 1, 210, 2017, 'A Dynamic Model to enhance the Distributed Discovery of services in P2P Overlay Networks', '10', 0, '', '', 3),
(438, 34, 489, 2015, 'ARTIFICIAL FINANCIAL MARKET. Risk Analysis Approach', '', 0, '', '359-366', 3),
(439, 34, 65, 2015, 'Approche Bi-objectif pour l''Exploration de l''Espace de Conception dans les MPSoC Heterogenes', '', 0, '', '', 4),
(440, 43, 65, 2015, 'Approche Bi-objectif pour l''Exploration de l''Espace de Conception dans les MPSoC Heterogenes', '', 0, '', '', 5),
(441, 34, 464, 2015, 'Artificial financial market. Risk analysis approach', '', 0, '', '', 1),
(442, 34, 143, 2013, 'Parallel B&B Algorithm on Hybrid Multicore/GPU Architecture', '', 0, '', '', 3),
(443, 20, 143, 2013, 'Parallel B&B Algorithm on Hybrid Multicore/GPU Architecture', '', 0, '', '', 2),
(444, 34, 58, 2013, 'Aguiar, Rui L. 143 Bai, Yang 267 Bart Jr., Henry 215 Batnyam, Nomin 171', '493', 0, '', '279', 2),
(445, 34, 177, 2012, 'Initial Public Offering (IPO) pricing using a multi-agent system', '', 0, '', '', 4),
(446, 34, 270, 2012, 'Game theory for Initial Public Offering (IPO): A multi-agent approach', '', 0, '', '236-242', 4),
(447, 34, 228, 2012, 'Interbank Payment System (RTGS) Simulation Using a Multi-agent Approach', '', 0, '', '362-365', 4),
(448, 20, 19, 2017, 'A hybridization of genetic algorithms and fuzzy logic for the single-machine scheduling with flexible maintenance problem under human resource constraints', '59', 48, '', '556-573', 3),
(449, 20, 328, 2011, 'Joint scheduling of jobs and preventive maintenance operations in the flowshop sequencing problem: a resolution with sequential and integrated strategies', '6', 45, '', '30-48', 1),
(450, 20, 63, 2015, 'Considering human resource constraints for real joint production and maintenance schedules', '90', 41, '', '197-211', 2),
(451, 20, 433, 2017, 'A hybrid of variable neighbor search and fuzzy logic for the permutation flowshop scheduling problem with predictive maintenance', '112', 36, '', '663-672', 2),
(452, 20, 22, 2003, 'Resolution of joint maintenance/production scheduling by sequential and integrated strategies', '7', 34, '', '', 1),
(453, 20, 509, 2016, 'An immunity-based hybrid genetic algorithms for permutation flowshop scheduling problems', '85', 33, '', '2459-2469', 2),
(454, 42, 509, 2016, 'An immunity-based hybrid genetic algorithms for permutation flowshop scheduling problems', '85', 33, '', '2459-2469', 1),
(455, 20, 183, 2016, 'IPro-GA: an integrated prognostic based GA for scheduling jobs and predictive maintenance in a single multifunctional machine', '49', 31, '', '1821-1826', 3),
(456, 20, 433, 2017, 'Research on permutation flow-shop scheduling problem based on improved genetic immune algorithm with vaccinated offspring', '112', 21, '', '427-436', 1),
(457, 42, 433, 2017, 'Research on permutation flow-shop scheduling problem based on improved genetic immune algorithm with vaccinated offspring', '112', 21, '', '427-436', 2),
(458, 20, 56, 2011, 'A multi-agent scheduling approach for the joint scheduling of jobs and maintenance operations in the flow shop sequencing problem', '', 21, '', '', 2),
(460, 42, 103, 2020, 'An efficient hybrid multi-objective memetic algorithm for the frequency assignment problem', '87', 17, '', '103265', 1),
(461, 20, 103, 2020, 'An efficient hybrid multi-objective memetic algorithm for the frequency assignment problem', '87', 17, '', '103265', 2),
(462, 20, 333, 2017, 'Exact and heuristic algorithms for post prognostic decision in a single multifunctional machine', '8', 17, '', '', 3),
(463, 20, 128, 2016, 'An integrated prognostic based hybrid genetic-immune algorithm for scheduling jobs and predictive maintenance', '', 16, '', '2083-2089', 2),
(464, 20, 67, 2003, 'Resolution du probleme de leordonnancement conjoint maintenance/production par la strategie sequentielle', '4', 13, '', '', 1),
(465, 42, 19, 2019, 'An effective multi-objective hybrid immune algorithm for the frequency assignment problem', '85', 12, '', '105797', 2),
(466, 20, 19, 2019, 'An effective multi-objective hybrid immune algorithm for the frequency assignment problem', '85', 12, '', '105798', 1),
(467, 20, 260, 2008, 'Applying ant colony optimization for the joint production and preventive maintenance scheduling problem in the flowshop sequencing problem', '3', 12, '', '', 1),
(468, 20, 433, 2018, 'An effective heuristic for the single-machine scheduling problem with flexible maintenance under human resource constraints', '126', 11, '', '1395-1404', 2),
(469, 20, 154, 2008, 'An integrated ACO approach for the joint production and preventive maintenance scheduling problem in the flowshop sequencing problem', '', 11, '', '2532-2537', 1),
(470, 20, 288, 2006, 'Proposition of new genetic operator for solving joint production and maintenance scheduling: Application to the flow shop problem', '', 11, '', '', 1),
(471, 20, 522, 2005, 'Contribution l''etude de la performance et de la robustesse des ordonnancements conjoints Production/Maintenance-Cas du Flowshop.', '', 11, '', '', 1),
(472, 20, 154, 2014, 'Towards an artificial immune system for scheduling jobs and preventive maintenance operations in flowshop problems', '23', 10, '', '', 1),
(473, 20, 325, 2013, 'A multi-agent approach for scheduling jobs and maintenance operations in the flowshop sequencing problem', '3', 9, '', '47-70', 2),
(475, 20, 328, 2022, 'Exact and metaheuristic approaches for the single-machine scheduling problem with flexible maintenance under human resource constraints', '17', 8, '', '22-58', 2),
(476, 20, 108, 2021, 'Hybrid of metaheuristic approaches and fuzzy logic for the integrated flowshop scheduling with predictive maintenance problem under uncertainties', '15', 7, '', '675-710', 2),
(477, 20, 124, 2019, 'An integrated guided local search considering human resource constraints for the single-machine scheduling problem with preventive maintenance', '', 7, '', '', 2),
(478, 20, 279, 2013, 'Multi-agent based joint production and maintenance scheduling considering human resources', '5', 7, '', '', 2),
(479, 20, 37, 2005, 'Contribution l''etude de la performance et de la robustesse des ordonnancements conjoints production/maintenance: cas du flowshop', '', 7, '', '', 1),
(480, 20, 154, 2019, 'Improved genetic algorithm for the fuzzy flowshop scheduling problem with predictive maintenance planning', '28', 6, '', '', 2),
(481, 20, 148, 2017, 'A fuzzy genetic algorithm for single-machine scheduling and flexible maintenance planning integration under human resource constraints', '29', 6, '', '', 2),
(482, 20, 436, 2022, 'Caviar: an e-graph based TRS for automatic code optimization', '31', 5, '', '', 3),
(483, 20, 140, 2018, 'Tailored genetic algorithm for scheduling jobs and predictive maintenance in a permutation flowshop', '23', 5, '', '', 2),
(484, 20, 272, 2011, 'A sequantial distributed approach for the joint scheduling of jobs and maintenance operations in the flowshop sequencing problem', '11', 5, '', '', 2),
(486, 20, 67, 2006, 'Resolution du probleme de l ordonnancement conjoint production/maintenance par colonies de fourmis.', '6', 5, '', '', 1),
(487, 20, 228, 2014, 'Decomposition Tehniques for Solving Frequency Assigment Problems (FAP)-A Top-Down Approach', '978', 4, '', '477-484', 3),
(488, 20, 332, 2010, 'A study of maintenance contribution to joint production and preventive maintenance scheduling problems in the robustness framework', '10', 4, '', '144-164', 1),
(489, 42, 433, 2019, 'A Novel Multi-Objective Immune Memetic Algorithm for the Frequency Assignment Problem', '159', 3, '', '67-76', 1),
(490, 20, 433, 2019, 'A Novel Multi-Objective Immune Memetic Algorithm for the Frequency Assignment Problem', '159', 3, '', '67-76', 2),
(491, 20, 457, 2012, 'A Multi Agent Scheduling Integrating Planning and Maintenance for Generalized Floor Shops', '', 3, '', '', 2),
(492, 20, 314, 2010, 'An ant colony optimisation approach considering jointly scheduling and preventive maintenance in the flowshop sequencing problem', '1', 2, '', '229-248', 1),
(493, 20, 246, 2022, 'Supervised learning using community detection for link prediction', '', 1, '', '85-94', 3),
(494, 20, 5, 2014, 'ETOMA: A multi-agent tool for shop scheduling problems', '', 1, '', '79-88', 4),
(496, 20, 472, 2001, 'Un SIAD pour le laboration du planning de maintenance preventive', '6', 1, '', '', 1),
(497, 20, 416, 2023, 'Improved artificial bee colony algorithm based on community detection for link prediction problem', '', 0, '', '1-27', 3),
(498, 20, 316, 2023, 'A hybrid approach for enhanced link prediction in social networks based on community detection', '', 0, '', '1-30', 3),
(499, 20, 421, 2023, 'Similarity-Based Hybrid Algorithms for Link Prediction Problem in Social Networks', '41', 0, '', '281-314', 3),
(500, 20, 119, 2022, 'A Constraint Programming Model for the Scheduling Problem with Flexible Maintenance under Human Resource Constraints.', '3', 0, '', '195-202', 3),
(501, 20, 182, 2016, 'A new heuristic to solve the capacitated lot sizing problem in deteriorating production systems', '8', 0, '', '', 2),
(502, 20, 333, 2016, 'Combining graph decomposition techniques and metaheuristics for solving PCSPs. Application to MI-FAP', '8', 0, '', '104-118', 4),
(503, 20, 426, 2016, 'Game theory-based integration of scheduling with flexible and periodic maintenance planning in the permutation flowshop sequencing problem', '', 0, '', '', 1),
(504, 20, 67, 2014, 'UNE APPROCHE PROACTIVE/REACTIVE POUR L''ORDONNANCEMENT CONJOINT DE PRODUCTION ET DE MAINTENANCE SOUS CONTRAINTES DE RESSOURCES HUMAINES DANS UN ATELIER A UNE MACHINE', '10', 0, '', '', 3),
(505, 20, 38, 2007, 'An Integrated Resolution of Joint Production and Maintenance Scheduling Problem in Hybrid Flowshop', '', 0, '', '', 1),
(506, 42, 401, 0, 'Game Theory-Based Reinforcement Learning Approach for the Multi-Objective Frequency Assignment Problem', '', 0, '', '', 3),
(508, 20, 401, 0, 'Game Theory-Based Reinforcement Learning Approach for the Multi-Objective Frequency Assignment Problem', '', 0, '', '', 2),
(509, 20, 550, 0, 'An E-Graph Based Term Rewriting System for Automatic Code Optimization.', '', 0, '', '', 4),
(520, 43, 187, 2011, 'Efficient adaptive failure detection for query/response based wireless sensor networks', '', 8, '', '1-6', 3),
(525, 43, 379, 2014, 'Adaptive failure detection in low power lossy wireless sensor networks', '45', 6, '', '168-180', 3),
(530, 43, 129, 2013, 'ALLONE: A new adaptive failure detector model for Low-power Lossy Networks', '', 1, '', '91-96', 3),
(533, 42, 241, 2005, 'Ant colony system for graph coloring problem', '', 27, '', '', 1),
(534, 42, 298, 2011, 'How can bees colour graphs', '3', 18, '', '67-76', 1),
(535, 42, 298, 2010, 'Two hybrid ant algorithms for the general T-colouring problem', '2', 11, '', '353-362', 2),
(536, 42, 330, 2014, 'Parallel artificial immune system for the constrained graph list multicolouring problem', '3', 7, '', '1-20', 4),
(537, 42, 205, 2010, 'Two hybrid ant algorithms for the general T-colouring problem.', '2', 7, '', '353-362', 2),
(539, 42, 375, 2020, 'Optimized in-network authentication against pollution attacks in software-defined-named data networking', '50', 6, '', '102409', 4),
(542, 42, 292, 2017, 'Towards authenticated network coding for named data networking', '25', 5, '', '', 3),
(544, 42, 134, 2011, 'Resolution of the general T-coloring problem using an MBO based algorithm', '10', 5, '', '', 2),
(545, 42, 306, 2022, 'A novel variable neighborhood search for the offloading and resource allocation in Mobile-Edge Computing', '44', 1, '', '897-905', 2),
(546, 42, 393, 2021, 'Exhaustive Solution for Mining Frequent Conceptual Links in Large Networks using a Binary Compressed Representation.', '', 1, '', '180-190', 2),
(547, 26, 393, 2021, 'Exhaustive Solution for Mining Frequent Conceptual Links in Large Networks using a Binary Compressed Representation.', '', 1, '', '180-190', 1),
(548, 42, 134, 2011, 'An Immune System for the general T-coloring problem', '10', 1, '', '', 3),
(549, 34, 134, 2011, 'An Immune System for the general T-coloring problem', '10', 1, '', '', 2),
(550, 42, 433, 2023, 'A New Branch and Bound Algorithm for Mining Frequent Conceptual Links in Social Networks', '225', 0, '', '4399-4409', 2),
(551, 26, 433, 2023, 'A New Branch and Bound Algorithm for Mining Frequent Conceptual Links in Social Networks', '225', 0, '', '4399-4409', 1),
(552, 42, 550, 0, 'Contribution of Three-Neighborhood Local Search on the Design of a Genetic Algorithm Applied to the Optimization of Computational Offloading in Mec', '', 0, '', '', 2),
(553, 48, 95, 2014, 'Which Contribution Does EDM Provide to Computer-Based Learning Environments?', '', 83, '', '3-28', 1),
(554, 1, 395, 2010, 'Analysing the relationship between learning styles and navigation behaviour in web-based educational system', '2', 51, '', '400-421', 4),
(555, 48, 395, 2010, 'Analysing the relationship between learning styles and navigation behaviour in web-based educational system', '2', 51, '', '400-421', 1),
(556, 1, 529, 2010, 'Learnerse navigation behavior identification based on trace analysis', '20', 35, '', '455-494', 4),
(557, 48, 529, 2010, 'Learnerse navigation behavior identification based on trace analysis', '20', 35, '', '455-494', 1),
(558, 48, 427, 2011, 'Analyse des traces de navigation des apprenants dans un environnement de formation dans une perspective de detection automatique des styles d apprentissage', '6', 32, '', '', 1),
(559, 48, 105, 2007, 'Perception de l activite de l apprenant dans un environnement de formation', '', 25, '', '233-238', 1),
(560, 1, 96, 2009, 'Indicators for Deducting the Learners  Learning Styles: Case of the Navigation Typology Indicator', '9', 19, '', '', 4),
(561, 48, 131, 2009, 'Indicators for Deducting the Learners  Learning Styles: Case of the Navigation Typology Indicator', '9', 19, '', '', 1),
(562, 1, 36, 2008, 'Detection de similarite semantique entre pages visitees durant une session d apprentissage', '8', 13, '', '', 3),
(563, 48, 36, 2008, 'Detection de similarite semantique entre pages visites durant une session d apprentissage', '8', 13, '', '', 2),
(564, 48, 172, 2019, 'Sniffing Android Code Smells: An Association Rules Mining-Based Approach', '6', 12, '', '', 5),
(565, 1, 136, 2008, 'How to determine the Learnerse Learning Styles in e-Learning Situation?', '16', 12, '', '', 4),
(566, 48, 136, 2008, 'How to determine the Learnerse Learning Styles in e-Learning Situation?', '16', 12, '', '', 1),
(567, 1, 333, 2019, 'Adapting eSpeak to Arabic language: converting Arabic text to speech language using eSpeak', '11', 11, '', '76-89', 3),
(568, 48, 333, 2019, 'Adapting eSpeak to Arabic language: converting Arabic text to speech language using eSpeak', '11', 11, '', '76-89', 4),
(569, 1, 273, 2008, 'Detection of Learning Styles from Learneres Browsing Behavior During E-Learning Activities', '', 11, '', '740-742', 3),
(570, 48, 273, 2008, 'Detection of Learning Styles from Learneres Browsing Behavior During E-Learning Activities', '', 11, '', '740-742', 1),
(571, 1, 327, 2011, 'Supervised classification on navigational behaviours in web-based learning systems to identify learning styles', '6', 9, '', '24-45', 3),
(572, 48, 327, 2011, 'Supervised classification on navigational behaviours in web-based learning systems to identify learning styles', '6', 9, '', '24-45', 1),
(573, 1, 160, 2009, 'Measuring the learners  learning style based on tracks analysis in web based learning', '', 9, '', '98-103', 2),
(574, 48, 160, 2009, 'Measuring the learners  learning style based on tracks analysis in web based learning', '', 9, '', '98-103', 1),
(575, 1, 471, 2007, 'Processus de modelisation de contenus pedagogiques destins la FOAD', '', 8, '', '', 2),
(576, 48, 471, 2007, 'Processus de modelisation de contenus pedagogiques destins la FOAD', '', 8, '', '', 1),
(577, 1, 95, 2010, 'Analyzing learning styles using behavioral indicators in web based learning environments', '', 7, '', '', 3),
(578, 48, 95, 2010, 'Analyzing learning styles using behavioral indicators in web based learning environments', '', 7, '', '', 1),
(579, 1, 502, 2008, 'Detection des Styles d Apprentissage par l Analyse des Comportements dans un Espace Numerique', '', 7, '', '35-42', 4),
(580, 48, 502, 2008, 'Detection des Styles d Apprentissage par l Analyse des Comportements dans un Espace Numerique', '', 7, '', '35-42', 1),
(581, 48, 409, 2005, 'Contribution theorique et methodologique e leelaboration deun environnement de FOAD', '', 6, '', '', 1),
(582, 1, 455, 2008, 'Detection des comportements deapprenant e base deindicateurs de parcours', '1', 5, '', '', 3),
(583, 48, 455, 2008, 'Detection des comportements deapprenant e base deindicateurs de parcours', '1', 5, '', '', 2),
(584, 1, 10, 2015, 'Adaptation based on navigation type and learning style', '', 4, '', '', 3),
(585, 48, 10, 2015, 'Adaptation based on navigation type and learning style', '', 4, '', '', 1),
(586, 48, 428, 2011, 'Traces de navigation des apprenants dans un environnement de formation sur le Web', '', 4, '', '', 1),
(587, 48, 439, 2021, 'Exploiting the progress of OO refactoring tools with Android code smells: RAndroid, a plugin for Android studio', '36', 2, '', '1580-1583', 3),
(588, 48, 105, 2015, 'Evaluation de la desorientation de leapprenant dans un systeme deapprentissage', '', 2, '', '', 2),
(589, 1, 512, 2010, 'Modeling approach of generic courses ICEIT 2010', '', 2, '', '', 1),
(590, 48, 512, 2010, 'Modeling approach of generic courses ICEIT 2010', '', 2, '', '', 2),
(591, 1, 105, 2009, 'Determination d indicateurs pour l identification des styles d apprentissage: Cas de l indicateur de typologie de navigation.', '', 2, '', '21-28', 4),
(592, 48, 105, 2009, 'Determination d indicateurs pour l identification des styles d apprentissage: Cas de l indicateur de typologie de navigation.', '', 2, '', '21-28', 1),
(593, 48, 372, 2016, 'A User-Centered Educational Modeling Language Improving the Controllability of Learning Design Quality', '54', 1, '', '717-744', 3),
(594, 48, 467, 2008, 'Vers une personnalisation des EIAH par la detection des styles d apprentissage e partir de l analyse des comportements de l apprenant', '2', 1, '', '113-118', 1),
(595, 1, 69, 2006, 'Scenarisation des contenus pedagogiques destines e la FOAD', '', 1, '', '15-16', 2),
(596, 48, 69, 2006, 'Scenarisation des contenus pedagogiques destines e la FOAD', '', 1, '', '15-16', 1),
(597, 1, 97, 2023, 'Enriching the learneres model through the semantic analysis of learning traces', '20', 0, '', '1-24', 3),
(598, 48, 97, 2023, 'Enriching the learneres model through the semantic analysis of learning traces', '20', 0, '', '1-24', 2),
(599, 48, 412, 2022, 'Rumor Detection in Algerian Arabizi Based on Deep Learning and Associations', '7', 0, '', '', 6),
(600, 48, 223, 2022, 'Analysis of Studentse Emotions in an Online Learning Environment', '', 0, '', '', 4),
(601, 1, 78, 2011, 'An Open Learning Environment based on Generic Course.', '1', 0, '', '231-236', 1),
(602, 48, 78, 2011, 'An Open Learning Environment based on Generic Course.', '1', 0, '', '231-236', 2),
(603, 1, 249, 2010, 'Modeling approach of generic courses', '', 0, '', '', 1),
(604, 48, 249, 2010, 'Modeling approach of generic courses', '', 0, '', '', 2),
(605, 48, 550, 0, 'TAALIM: un outil de modelisation de contenus pedagogiques', '', 0, '', '', 1),
(606, 1, 550, 0, 'Designing Distance Hypermedia Courses', '', 0, '', '', 1),
(607, 48, 550, 0, 'Designing Distance Hypermedia Courses', '', 0, '', '', 2),
(608, 1, 550, 0, 'Aide e leevaluation de la similarite semantique entre un cours et les pages visitees par un apprenant dans une FOAD', '', 0, '', '', 3),
(609, 48, 550, 0, 'Aide e leevaluation de la similarite semantique entre un cours et les pages visitees par un apprenant dans une FOAD', '', 0, '', '', 2),
(630, 52, 228, 0, 'Check for updates RDC-Repair: Towards a Relevance-Driven Approach for Data and Constraints Repair', '15', 0, '', '', 1),
(673, 1, 59, 2022, 'Nrflex: Enforcing network slicing in 5g new radio', '181', 30, '', '284-292', 5),
(684, 1, 129, 2020, 'UAV mission optimization in 5G: On reducing MEC service relocation', '', 14, '', '1-6', 5),
(706, 1, 71, 2011, 'A secure web service-based platform for wireless sensor network management and interrogation', '', 6, '', '1-8', 3),
(713, 78, 281, 2021, 'Deep Learning and Classical Machine Learning for code mapping in Heterogeneous Platforms', '', 3, '', '1-6', 1),
(722, 34, 256, 2016, 'Chaff-Points Generation Using Knapsack problem resolution in Fingerprint Fuzzy Vault', '16', 0, '', '', 4),
(724, 57, 462, 2013, 'Process of building reference ontology for higher education', '3', 41, '', '1595-1600', 2),
(725, 57, 236, 2013, 'Translating natural language competency questions into SPARQLQueries: a case study', '1', 41, '', '', 2),
(726, 52, 119, 2023, 'CSP-DC: Data Cleaning via Constraint Satisfaction Problem Solving.', '2', 0, '', '478-488', 1),
(727, 69, 318, 2008, 'An approach for a bidding process knowledge capitalization', '2', 26, '', '2', 1),
(728, 57, 318, 2008, 'An approach for a bidding process knowledge capitalization', '2', 26, '', '2', 2),
(729, 57, 104, 2019, 'Enabling flexible task compositions, orders and granularities for knowledge-intensive business processes', '13', 20, '', '', 3),
(730, 57, 488, 2009, 'Reference ontology', '', 18, '', '', 2),
(731, 57, 344, 2012, 'Ontology versus terminology, from the perspective of ontologists', '1', 14, '', '315-331', 2),
(732, 57, 335, 2017, 'A CRM Process Model for Agent-Based Simulation\"', '', 12, '', '', 2),
(733, 57, 346, 2013, 'Towards a reference ontology for higher education knowledge domain', '8', 12, '', '474-488', 2),
(734, 57, 138, 2017, 'Business Process Integration: How to Achieve Interoperability Through Process Pattern', '14', 9, '', '', 4),
(735, 57, 257, 2016, 'Information and knowledge driven collaborative crisis management: A literature review.', '3', 7, '', '', 2),
(736, 57, 185, 2018, 'Crowdsourced Collaborative Decision Making in Crisis Management: Application to Desert Locust Survey and Control.', '', 6, '', '', 2),
(737, 57, 384, 2017, 'Integrating an ontology into a software system', '8', 6, '', '', 2),
(739, 57, 232, 2022, 'An IoT and Spatial Big Data based architecture for monitoring Occupational Health Risks exposure', '1', 5, '', '', 2),
(740, 57, 344, 2013, 'Terminologies versus Ontologies from the perspective of ontologists', '1', 5, '', '315-331', 2),
(741, 57, 94, 2022, 'Exploring the emotional aspect in Learneres personal annotation colors', '27', 4, '', '6173e6195', 3),
(742, 57, 296, 2017, 'Process Adaptation Patterns for Cross-Organizational Business Process Modeling', '14', 4, '', '', 3),
(743, 57, 121, 2013, 'A New Approach for Human Assessment of Ontologies', '', 4, '', '', 2),
(744, 57, 338, 2022, 'Implementing Web and Mobile Applications From Linked Open Data', '', 3, '', '', 4),
(745, 57, 266, 2017, 'Towards a Crowdsourcing-based Approach to enhance Decision Making in Collaborative Crisis Management.', '14', 3, '', '', 2),
(746, 57, 300, 2015, 'How to measure business value of business model ontologies? A proposal', '19', 3, '', '241-264', 3),
(747, 57, 121, 2011, 'Architecturer le Systeme d Information support au processus stages conventionnes en entreprise, cas ESIe', '', 3, '', '', 1),
(748, 57, 49, 2009, 'A comparative study: Syntactic versus Semantic matching systems', '9', 3, '', '', 2),
(749, 57, 87, 2008, 'These: Approche Methodologique deAcquisition de Connaissances Agregees e base deAgents cognitifs cooperants pour les systemes deaide e la decision strategiques', '', 3, '', '', 1),
(750, 57, 385, 2021, 'Transformation Approach of Open Web Data to Linked Open Data', '20', 2, '', '', 4),
(751, 57, 303, 2021, 'Open Government Data (OGD) Publication as Linked Open Data (LOD): A Survey', '10', 2, '', '', 2),
(752, 57, 312, 2020, 'Crowdsourcing-Enabled Crisis Collaborative Decision Making', '16', 2, '', '49-72', 2),
(753, 57, 212, 2018, 'Agent based Simulation of Business Model Ontologies Value in Enterprise Context: Application to the Customer Relationship Managemebt', '', 2, '', '', 2),
(754, 57, 527, 2015, 'Position paper: a new approach for human assessment of ontologies', '', 2, '', '', 2),
(755, 57, 478, 2014, 'Simuler pour evaluer les BMO s: quelle methode choisir?', '', 2, '', '', 3),
(756, 57, 462, 2013, 'Process of building reference ontology for higher education, proceedings of the World Congress on Engineering 2013', '', 2, '', '3-5', 2),
(757, 57, 366, 2009, 'Quelles exigences pour les stages en entreprises? Cas ESI (ex. INI)', '2', 2, '', '', 1),
(758, 57, 51, 2000, 'K-Discover, un outil de decouverte de connaissances e partir de bases de donnees', '', 2, '', '', 2),
(760, 57, 323, 2022, 'Open Data Influence on Digital Governance', '13', 1, '', '', 4),
(761, 57, 306, 2022, 'Towards an automatic SPARQL query generation from ontology competency questions', '', 1, '', '', 4),
(762, 57, 47, 2021, 'Flexible Crowd-Driven Decision Making in Times of Crisis', '', 1, '', '', 2),
(763, 57, 89, 2020, 'A Survey of Current Approaches for Transforming Open Data to Linked Data', '4', 1, '', '', 4),
(764, 57, 404, 2019, 'Thinking the incorporation of LOD in semantic cubes as a strategic decision', '', 1, '', '', 2),
(765, 57, 340, 2017, 'Towards an IT-centric internship process in undergraduate studies: The Case of ESI, Algiers', '8', 1, '', '', 1),
(767, 57, 451, 2015, 'Towards a repository for the reuse of business process models from a requirements analysis perspective', '', 1, '', '', 2),
(768, 57, 362, 2014, 'Knowledge cartography and capitalization in collaborative business processes', '4', 1, '', '', 2),
(769, 69, 315, 2008, 'TUPROD, an assistant Tool for the dUrable PROduct Design', '8', 1, '', '23-36', 1),
(770, 57, 315, 2008, 'TUPROD, an assistant Tool for the dUrable PROduct Design', '8', 1, '', '23-36', 2),
(771, 57, 87, 2023, 'IA Generative: Allons nous vers un renouvellement des pratiques pedagogiques?', '', 0, '', '', 1),
(772, 57, 518, 2023, 'A Process Mining Method for Inter-organizational Business Process Integration', '', 0, '', '', 3),
(773, 57, 352, 2022, 'Enhanced analysis of Open Government Data: Proposed metrics for improving data quality assessment', '', 0, '', '', 2),
(775, 57, 190, 2022, 'Resilience of higher education institutions. Feedback from ESI Algiers case during COVID-19', '', 0, '', '', 1),
(776, 57, 534, 2022, 'Gouvernance des Systemes d Information. Enjeux pour les entreprises et tendances de recherche', '', 0, '', '', 1),
(777, 57, 390, 2022, 'Citoyennete numerique ???????? ????????', '', 0, '', '', 1),
(778, 57, 389, 2022, 'Emotional Intelligence. A career booster', '', 0, '', '', 1),
(779, 57, 399, 2022, 'Redaction de documents scientifiques: Revue des bonnes pratiques', '', 0, '', '', 1),
(780, 57, 90, 2022, 'Ouvrage: TIC & Transformation des Organisations,  ISBN 978-9947-34-244-2', '', 0, '', '', 1),
(782, 57, 84, 2021, 'COVID19 et resilience des Ecoles Superieures. Retour deExperience sur la Gouvernance pedagogique au sein de leESI Alger', '', 0, '', '', 1),
(784, 57, 533, 2021, 'Numerique et Resilience des Ecoles Superieures. Retour deExperience du Cas ESI Alger,', '', 0, '', '', 1),
(785, 57, 482, 2021, 'Talk: Etat de l art sur le numerique', '', 0, '', '', 1),
(786, 57, 117, 2020, 'Manager les risques: Enjeux et defis\", Talk speaker', '', 0, '', '', 1),
(787, 57, 89, 2020, 'Translation from Natural Language Questions to SPARQL: A Survey', '4', 0, '', '', 4),
(788, 57, 191, 2020, 'Integrer les LOD dans un cube de donnees: Transformons une action technique en valeur organisationnelle.', '15', 0, '', '', 3),
(789, 57, 42, 2020, 'Integrer les LOD dans un cube de donnees : Transformons une action technique en valeur organisationnelle', '15', 0, '', '', 3),
(791, 57, 41, 2019, 'Apport du Geo-Decisionnel pour la prevention des risques professionnels. Application au cas SMT', '52', 0, '', '3-4', 2),
(792, 57, 362, 2018, 'Towards A Holistic Collective Intelligence System for Algerian Higher Schools 2.0. ESI Algiers, EIS mission case study', '', 0, '', '', 2),
(794, 57, 405, 2017, 'Vers des Universites 2.0: Talk speaker', '', 0, '', '', 1),
(795, 57, 45, 2017, 'Concevoir des Syllabus de Cours: Assise theorique et modalites pratiques', '', 0, '', '497-507', 1),
(796, 57, 237, 2016, 'Tutoriel: Gouvernance des Systemes d Information: Enjeux pour les organisations et tendances de recherches', '1', 0, '', '', 1),
(797, 57, 237, 2016, 'Enterprise 2.0: How to enhance Collective Intelligence? Web social potential', '1', 0, '', '', 2),
(799, 57, 387, 2015, 'Retour deExperience sur la Pedagogie active: cas deune Ecole deIngenieurs', '', 0, '', '', 1),
(800, 57, 44, 2014, 'Talk: IT Governance: Enjeux et tendances de recherches.', '1', 0, '', '', 1),
(801, 57, 43, 2014, 'Chapter Book: A New approach for human assessment of Ontologies', '', 0, '', '', 2),
(802, 57, 498, 2014, 'Cartographie des situations de collaboration dans les processus metiers: Application au processus eGestion des stages', '', 0, '', '27-29', 2),
(803, 57, 54, 2014, 'A Competency Location System Based Ontology', '', 0, '', '', 2),
(804, 57, 251, 2013, 'Aggregated search techniques usability,', '15', 0, '', '', 2),
(805, 57, 391, 2013, 'Vers un partenariat durable Ecoles deingenieurs-Entreprises.  Rele de leinstrument eStages Conventionnes en Entreprisee, Cas: ESI', '9', 0, '', '', 1),
(806, 57, 121, 2013, 'E-Management du Processus eGestion des Stages en Entreprisee. Apport du PRM cas: ESI', '', 0, '', '', 1),
(807, 57, 550, 2011, 'Vers un espace communautaire dedie e leactivite eEncadrement & suivi des stagiairese. Cas pratique: ESI, Alger', '', 0, '', '', 1),
(808, 57, 200, 2011, 'TIC: Analyse des impacts sur les Organisations', '', 0, '', '', 1),
(809, 23, 549, 2010, 'SOA et Web services dedie e une ecole deingenieurs: cas ESI', '2', 0, '', '', 3),
(810, 57, 549, 2010, 'SOA et Web services dedie e une ecole deingenieurs: cas ESI', '2', 0, '', '', 2),
(811, 57, 550, 2010, 'Organisations: des Systemes Socio-techniques', '', 0, '', '', 1),
(812, 57, 540, 2009, 'Syntactic Versus Semantic Matching Systems: A Comparative Study', '2', 0, '', '', 2),
(813, 57, 116, 2008, 'Communautes de pratiques (CoP) en  entreprise. Apport des portails web  communautaires', '', 0, '', '', 1),
(814, 69, 100, 2008, 'Un modele de dossier medical unique base sur le cycle de vie du patient', '', 0, '', '', 1),
(815, 23, 100, 2008, 'Un modele de dossier medical unique base sur le cycle de vie du patient', '', 0, '', '', 2),
(816, 52, 218, 2020, 'Document Image Edge Detection Based on a Local Hysteresis Thresholding and Automatic Setting Using PSO', '', 0, '', '', 2),
(817, 57, 100, 2008, 'Un modele de dossier medical unique base sur le cycle de vie du patient', '', 0, '', '', 3),
(818, 57, 100, 2008, 'Outil logiciel deaide e leevaluation e priori des risques professionnels', '2', 0, '', '', 1),
(821, 57, 550, 2008, 'Communautes de pratiques einstitueese en milieu universitaire: Apports deun portail web dedie aux enseignants-chercheurs affilies aux laboratoires de recherche', '', 0, '', '', 1),
(822, 57, 75, 2007, 'Problematique de leheterogeneite spatio-temporelle de leexposition : apports des SIG', '7', 0, '', '', 1),
(823, 57, 54, 2007, 'Architecture deun portail web communautaire dedie e la communaute des enseignants-chercheurs algeriens', '7', 0, '', '', 2),
(824, 69, 74, 2007, 'Un environnement deaide e la conception deun produit durable', '7', 0, '', '', 1),
(825, 57, 74, 2007, 'Un environnement deaide e la conception deun produit durable', '7', 0, '', '', 2),
(826, 69, 55, 2007, 'Business Knowledge Acquisition Methodological Approach.', '29', 0, '', '', 2),
(827, 57, 55, 2007, 'Business Knowledge Acquisition Methodological Approach.', '29', 0, '', '', 1),
(828, 57, 402, 2006, 'Vers une approche deacquisition de connaissances agregees e base deagents cognitifs cooperants', '6', 0, '', '', 1),
(829, 69, 378, 2006, 'Capitalizing On Process Knowledge In Bidding Processes', '7', 0, '', '', 1),
(830, 57, 378, 2006, 'Capitalizing On Process Knowledge In Bidding Processes', '7', 0, '', '', 2),
(831, 57, 550, 2006, 'Architecture deun portail communautaire dedie e la communaute des enseignants-chercheurs algeriens', '', 0, '', '', 2),
(832, 69, 294, 2005, 'Un Systeme d Information pour le management des connaissances sur les risques projets', '5', 0, '', '', 1),
(833, 57, 294, 2005, 'Un Systeme d Information pour le management des connaissances sur les risques projets', '5', 0, '', '', 2),
(834, 69, 54, 2005, 'Outil support au Soutien Logistique Integre deun produit', '', 0, '', '', 1),
(835, 57, 54, 2005, 'Outil support au Soutien Logistique Integre deun produit', '', 0, '', '', 2),
(836, 57, 388, 2004, 'Informatique decisionnelle : Enjeux et perspectives', '', 0, '', '', 1),
(837, 57, 449, 2004, 'Strategic decision support systems design: integration approach between expert knowledge and historical data', '', 0, '', '', 1),
(838, 69, 545, 2004, 'Towards a knowledge acquisition mixed approach for strategic decision support systems.', '1', 0, '', '58-63', 2),
(839, 57, 545, 2004, 'Towards a knowledge acquisition mixed approach for strategic decision support systems.', '1', 0, '', '58-63', 1),
(840, 69, 122, 2003, 'Outil Support e une Analyse Environnementale des Produits Basee sur la Serie de Normes ISO 14040-43', '3', 0, '', '', 1),
(841, 57, 122, 2003, 'Outil Support e une Analyse Environnementale des Produits Basee sur la Serie de Normes ISO 14040-43', '3', 0, '', '', 2),
(842, 18, 268, 2014, 'Medical image segmentation using particle swarm optimization', '18', 43, '', '287-291', 2),
(843, 61, 268, 2014, 'Medical image segmentation using particle swarm optimization', '18', 43, '', '287-291', 3),
(844, 18, 331, 2013, 'Medical image segmentation on a cluster of PCs using Markov random fields', '', 22, '', '', 1),
(845, 61, 331, 2013, 'Medical image segmentation on a cluster of PCs using Markov random fields', '', 22, '', '', 2),
(846, 61, 373, 2018, 'Hidden Markov random field model and BroydeneFletchereGoldfarbeShanno algorithm for brain image segmentation', '30', 19, '', '415-427', 4),
(847, 18, 373, 2018, 'Hidden Markov random field model and BroydeneFletchereGoldfarbeShanno algorithm for brain image segmentation', '30', 19, '', '415-427', 1),
(848, 18, 178, 2014, 'Hidden Markov random fields and swarm particles: a winning combination in image segmentation', '10', 18, '', '19-24', 1),
(849, 61, 178, 2014, 'Hidden Markov random fields and swarm particles: a winning combination in image segmentation', '10', 18, '', '19-24', 2),
(850, 18, 87, 2018, 'Performances dans la Segmentation deimages medicales', '', 9, '', '', 1),
(851, 61, 204, 2018, 'Hidden markov random fields and particle swarm combination for brain image segmentation.', '15', 8, '', '462-468', 2),
(852, 18, 204, 2018, 'Hidden markov random fields and particle swarm combination for brain image segmentation.', '15', 8, '', '462-468', 1),
(853, 61, 453, 2016, 'Hidden Markov Random Fields and Direct Search Methods for Medical Image Segmentation', '5', 8, '', '', 4),
(854, 18, 453, 2016, 'Hidden Markov Random Fields and Direct Search Methods for Medical Image Segmentation', '5', 8, '', '', 1),
(855, 18, 514, 2013, 'Medical image segmentation using hidden Markov random field a distributed approach', '', 5, '', '', 1),
(856, 61, 514, 2013, 'Medical image segmentation using hidden Markov random field a distributed approach', '', 5, '', '', 2),
(857, 61, 406, 2016, 'Hidden Markov Random Field model and BFGS algorithm for Brain Image Segmentation', '1', 4, '', '', 4),
(858, 18, 406, 2016, 'Hidden Markov Random Field model and BFGS algorithm for Brain Image Segmentation', '1', 4, '', '', 1),
(859, 61, 268, 2011, 'Evaluation of volumetric medical images segmentation using hidden Markov random field model', '15', 4, '', '513-518', 2),
(860, 18, 268, 2011, 'Evaluation of volumetric medical images segmentation using hidden Markov random field model', '15', 4, '', '513-518', 3),
(861, 61, 30, 2020, 'hidden markov random fields and cuckoo search method for medical image segmentation', '', 3, '', '', 2),
(862, 18, 30, 2020, 'hidden markov random fields and cuckoo search method for medical image segmentation', '', 3, '', '', 1),
(863, 61, 185, 2018, 'Conjugate gradient method for brain magnetic resonance images segmentation', '', 3, '', '', 4),
(864, 18, 185, 2018, 'Conjugate gradient method for brain magnetic resonance images segmentation', '', 3, '', '', 1),
(865, 18, 91, 2011, 'Segmentation of Volumetric Medical Images: A Distributed Approach', '', 3, '', '978-613', 1),
(866, 18, 408, 2007, 'Optimisation des Protocoles de Routage avec la methode de Colonie de Fourmis', '', 3, '', '', 1),
(867, 18, 431, 2018, 'Performances dans la segmentation deimages medicales', '', 2, '', '', 1),
(868, 61, 24, 2017, 'Combination of Hidden Markov Random Field and Conjugate Gradient for Brain Image Segmentation', '', 2, '', '', 4),
(869, 18, 24, 2017, 'Combination of Hidden Markov Random Field and Conjugate Gradient for Brain Image Segmentation', '', 2, '', '', 1),
(870, 18, 214, 2017, 'Hidden Markov random fields and particle swarm combination for brain magnetic resonance image segmentation', '15', 2, '', '', 1),
(871, 61, 214, 2017, 'Hidden Markov random fields and particle swarm combination for brain magnetic resonance image segmentation', '15', 2, '', '', 2),
(872, 61, 491, 2023, 'Taguchi Design for Setting EHO Variants Parameters: Application in Brain Image Segmentation Using HMRF', '4', 0, '', '794', 1),
(873, 18, 491, 2023, 'Taguchi Design for Setting EHO Variants Parameters: Application in Brain Image Segmentation Using HMRF', '4', 0, '', '794', 2),
(874, 61, 31, 2021, 'Image Segmentation Methods for Non-destructive testing Applications', '', 0, '', '', 2),
(875, 18, 31, 2021, 'Image Segmentation Methods for Non-destructive testing Applications', '', 0, '', '', 1),
(876, 18, 175, 2020, '3D Brain Image Segmentation Model using Deep Learning and Hidden Markov Random Fields', '17', 0, '', '', 1),
(877, 61, 175, 2020, '3D Brain Image Segmentation Model using Deep Learning and Hidden Markov Random Fields', '17', 0, '', '', 2),
(878, 18, 87, 0, 'QUALITE VIDEO DANS LES RESEAUX IP', '', 0, '', '', 1),
(879, 18, 550, 0, 'etat de leart sur les methodes deoptimisation de leelevage deelephants', '', 0, '', '', 3),
(880, 18, 550, 0, 'La segmentation des images medicales en utilisant les champs de Markov caches et la technique Deep Learning', '', 0, '', '', 1),
(881, 61, 550, 0, 'La segmentation des images medicales en utilisant les champs de Markov caches et la technique Deep Learning', '', 0, '', '', 2),
(882, 8, 397, 2019, 'Deep Convolutional Neural Networks using U-Net for Automatic Brain Tumor Segmentation in Multimodal MRI Volumes', '11384', 146, '', '37-48', 1),
(883, 8, 180, 2018, 'Fully Automated Brain Tumor Segmentation System in 3D-MRI using Symmetry Analysis of Brain and Level-Sets', '12', 77, '', '1964 e1971', 1),
(884, 8, 347, 2007, 'A non-linear registration method guided by b-splines free-form deformations for three-dimensional facial reconstruction', '2', 11, '', '609-619', 1),
(885, 8, 276, 2010, '3D-Computerized facial reconstructions from 3D-MRI of human heads using deformable model approach', '', 8, '', '276-282', 1),
(886, 8, 263, 2012, 'A 3D deformable model constrained by anthropometric knowledge for computerized facial reconstructions', '11', 7, '', '', 1),
(887, 8, 503, 2008, 'Reconstructions faciales e partir d images tridimensionnelles de crenes humains par recalage et modele deformable pour l identification de personnes', '', 4, '', '', 1),
(888, 8, 12, 2008, 'A Three?Dimensional Computerized Facial Reconstruction Using Non?Linear Registration of A Reference Head', '', 4, '', '9-14', 1),
(889, 8, 70, 2021, 'A 3D-CNN Model for Automated Gliomas Sub-Regions Segmentation in Multimodal Brain 3D-MRIs', '4', 2, '', '', 1),
(890, 8, 345, 2018, 'Brain Tumor Segmentation in Multimodal 3D-MRI of BraTSe2018 Datasets using Deep Convolutional Neural Networks', '7', 2, '', '252-263', 1),
(891, 8, 398, 2006, 'Recalage non rigide utilisant des deformations de forme libre (FFD) pour la reconstruction faciale tridimensionnelle', '8', 2, '', '', 1),
(892, 8, 352, 2022, 'A Deep Learning-based 3D CNN for Automated COVID-19 Lung Lesions Segmentation from 3D Chest CT Scans', '5', 1, '', '', 1),
(893, 8, 248, 2023, 'Multi-Modal Skin Lesion Classification Based on Dermoscopic Images and Meta-Data', '', 0, '', '', 3),
(894, 8, 353, 2022, 'A Deep Learning-based 3D-GAN for Glioma Subregions Detection and Segmentation in Multimodal Brain MRI volumes', '', 0, '', '', 1),
(895, 8, 505, 2016, 'Where_Is: A Fully Computerized System for Detection and Segmentation of Brain Tumor in 3D-MRI', '2', 0, '', '200-209', 1),
(896, 8, 508, 2016, 'A Fully Automated Brain Tumor Segmentation in 3D-MRI using Symmetry Analysis of brain and Geodesic Level Sets', '2', 0, '', '', 1),
(897, 8, 432, 2012, 'Reconstructions faciales 3D informatisees e partir deIRM-3D de tetes : Utilisation du recalage non lineaire guide par les FFD et d un modele deformable e base de maillages e', '', 0, '', '', 1),
(898, 8, 16, 2008, 'Reconstructions faciales e prtir d images tridimensionnelles de cranes humains par recalage et modele deformable pour l identification de personnes', '', 0, '', '', 1),
(899, 43, 297, 2018, 'A novel active learning method using SVM for text classification', '15', 209, '', '290-298', 2),
(900, 43, 152, 1991, 'Automatic test point insertion for pseudo-random testing', '', 73, '', '1960-1963', 4),
(901, 43, 60, 2017, 'Energy-efficient mechanisms in security of the internet of things: A survey', '127', 67, '', '173-189', 2),
(902, 43, 383, 2016, 'NoC routing protocolseobjective-based classification', '66', 55, '', '14-32', 2),
(903, 43, 127, 2016, 'Tas-iot: trust-based adaptive security in the iot', '41', 54, '', '599-602', 3),
(904, 43, 383, 2019, 'A survey on fault-tolerant application mapping techniques for network-on-chip', '92', 41, '', '39-52', 2),
(905, 43, 163, 2017, 'On improving video streaming efficiency, fairness, stability, and convergence time through clienteserver cooperation', '64', 36, '', '11-25', 4),
(906, 43, 461, 2015, 'Bird flocking congestion control for CoAP/RPL/6LoWPAN networks', '', 33, '', '', 2),
(907, 43, 155, 2020, 'Energy efficiency in security of 5G-based IoT: An end-to-end adaptive approach', '7', 26, '', '6589-6602', 2),
(908, 43, 475, 2013, 'Multi-agent architecture for the design of WSN applications', '', 21, '', '', 2),
(909, 43, 543, 2013, 'Arabic text categorization using SVM active learning technique: An overview', '', 12, '', '1-2', 2),
(910, 43, 226, 2013, 'Using active learning in text classification of quranic sciences', '', 8, '', '', 3),
(911, 34, 51, 2002, 'PARME un environnement pour la resolution du probleme Max-Sat', '2', 0, '', '', 1),
(912, 43, 51, 2002, 'PARME un environnement pour la resolution du probleme Max-Sat', '2', 0, '', '', 2),
(913, 34, 51, 2002, 'PARME, un environnement pour la resolution du probleme Max-Sat', '6', 8, '', '', 1),
(914, 43, 51, 2002, 'PARME, un environnement pour la resolution du probleme Max-Sat', '6', 8, '', '', 2),
(915, 43, 381, 2022, 'Multi-objective biogeography-based optimization and reinforcement learning hybridization for network-on chip reliability improvement', '161', 7, '', '20-36', 2),
(916, 43, 200, 2002, 'Une approche orientee objet pour le codesign', '', 7, '', '', 1),
(917, 43, 510, 2022, 'Reliability-aware intelligent mapping based on reinforcement learning for networks-on-chips', '78', 6, '', '18153-18188', 4),
(918, 43, 238, 2012, 'Threats models on biometric systems: A comparative study', '4', 6, '', '', 3),
(919, 43, 244, 2012, 'Agent based platform for the design and simulation of wireless sensor networks', '', 4, '', '', 2),
(920, 43, 510, 2024, 'Novel area-efficient and flexible architectures for optimal Ate pairing on FPGA', '80', 2, '', '2633-2659', 3),
(922, 10, 365, 2016, 'De la cooperation des productions collectives dans un contexte multi-agent', '', 2, '', '43-52', 1),
(923, 43, 550, 0, 'A MULTIPROCESSOR TMS 320 PLATFORM FOR REAL-TIME MODELLING', '', 2, '', '', 4),
(924, 43, 135, 2018, 'Context aware MWSN optimal redeployment strategies for air pollution timely monitoring', '', 1, '', '1-7', 4),
(925, 43, 468, 2015, 'Text Categorization using reduced training set', '10', 1, '', '', 2),
(926, 43, 161, 2011, 'An optimized self-organized approach to manage communication in wireless instrumentation systems', '', 1, '', '1-8', 4),
(927, 43, 392, 2011, 'Ant-MWAC: Une approche conjointe multi-agent et colonie de fourmis pour gerer les communications dans les reseaux de capteurs sans', '19', 1, '', '', 4),
(928, 43, 452, 2009, 'An ACO/MAS joint approach to manage communications in wireless sensor networks', '', 1, '', '', 3),
(929, 43, 429, 2023, 'PIGMMES: Partial Incremental Gaussian Mixture Model with Efficient Storage', '', 0, '', '', 4),
(930, 43, 429, 2023, 'Energy Efficient Any-Time I/O Adaptive K-means', '', 0, '', '', 3),
(931, 43, 550, 2022, 'Flexible and Parallel Architectures for Optimal Ate pairing on FPGA', '', 0, '', '', 3),
(933, 43, 139, 2018, 'FTNoCSim: A new Simulation platform for Evaluating Network-on-Chip Reliability', '25', 0, '', '', 4),
(934, 10, 470, 2017, 'De la cooperation de collectifs multi-agents. Un modele deutilisation de productions collectives', '31', 0, '', '97-132', 1),
(935, 34, 397, 2005, 'Evolutionary Computation-Using Bees to Solve a Data-Mining Problem Expressed as a Max-Sat One', '3562', 0, '', '212-220', 1),
(936, 43, 397, 2005, 'Evolutionary Computation-Using Bees to Solve a Data-Mining Problem Expressed as a Max-Sat One', '3562', 0, '', '212-220', 3),
(938, 34, 521, 1998, 'FO+ a tool for automatic test point insertion in combinational circuits', '17', 0, '', '699-720', 1),
(939, 43, 521, 1998, 'FO+ a tool for automatic test point insertion in combinational circuits', '17', 0, '', '699-720', 3),
(940, 43, 87, 0, 'Verification interactive de circuits par l analyse incrementale', '', 0, '', '', 1),
(941, 43, 550, 0, 'BOUNDARY CONDITIONS FOR REAL TIME VOCAL TRACT MODELLING', '', 0, '', '', 2),
(942, 43, 87, 0, 'FO+ outil d insertion automatique de points de test dans des descriptions VHDL', '', 0, '', '', 1),
(943, 43, 550, 0, 'CODOO: Environnement de co design HW SW j partir d une specification Orientee Objet.', '', 0, '', '', 3),
(944, 43, 550, 0, 'A DSPes HARDWARE ARCHITECTURE FOR VOCAL TRACT MODELLING', '', 0, '', '', 2),
(945, 34, 550, 0, 'Techniques d insertion automatique de points de test dans des circuits combinatoires', '', 0, '', '', 1),
(946, 43, 550, 0, 'Techniques d insertion automatique de points de test dans des circuits combinatoires', '', 0, '', '', 3),
(947, 43, 550, 0, 'TRANSMISSION LINE MODELLING OF THE HUMAN VOCAL TRACT', '', 0, '', '', 2),
(948, 61, 113, 2007, 'Medical image registration by simulated annealing and genetic algorithms', '7', 27, '', '145-148', 2),
(949, 61, 217, 2010, 'YACBIR: yet another content based image retrieval system', '14', 17, '', '570-575', 2),
(950, 18, 285, 2016, 'Hidden Markov random fields and direct search methods for medical image segmentation', '', 8, '', '', 1),
(951, 61, 285, 2016, 'Hidden Markov random fields and direct search methods for medical image segmentation', '', 8, '', '', 4),
(952, 61, 348, 2008, 'Evaluation of medical image registration by some meta-heuristics', '3', 7, '', '', 2),
(953, 61, 427, 1988, 'Sur l estimation d une fonction-frontiere et l enveloppe convexe d un echantillon', '6', 0, '', '', 1),
(954, 23, 490, 2023, 'Gamification of e-learning in higher education: a systematic literature review', '10', 68, '', '10', 3),
(955, 9, 490, 2023, 'Gamification of e-learning in higher education: a systematic literature review', '10', 68, '', '10', 1),
(956, 23, 368, 2019, 'SEFAP: an efficient approach for ranking skyline web services', '10', 46, '', '709-725', 3),
(957, 23, 354, 2015, 'Combining skyline and multi-criteria decision methods to enhance web services selection', '12', 26, '', '1-8', 4),
(958, 69, 18, 2019, 'OntoGamif: A modular ontology for integrated gamification', '14', 25, '', '215-249', 4),
(959, 23, 18, 2019, 'OntoGamif: A modular ontology for integrated gamification', '14', 25, '', '215-249', 3),
(960, 23, 229, 2018, 'A hybrid MCDM framework for efficient web services selection based on QoS', '', 13, '', '1-6', 3),
(961, 23, 145, 2015, 'SkyAP-S3: a hybrid approach for efficient skyline services selection', '8', 12, '', '', 4),
(962, 69, 440, 2019, 'A systematic literature review of gamification design', '20', 10, '', '', 4),
(963, 23, 440, 2019, 'A systematic literature review of gamification design', '20', 10, '', '', 3),
(964, 23, 85, 2015, 'Avoiding ontology confusion in ETL processes', '', 10, '', '', 3),
(965, 23, 265, 2015, 'Semantic data warehouse at the heart of competitive intelligence systems: Design approach', '6', 10, '', '', 2),
(966, 69, 445, 2017, 'Towards a classification of information technologies', '', 6, '', '', 3),
(967, 23, 445, 2017, 'Towards a classification of information technologies', '', 6, '', '', 2),
(968, 23, 173, 2016, 'A quality-driven approach for building heterogeneous distributed databases: The case of data warehouses', '16', 5, '', '', 3),
(969, 23, 531, 2012, 'Urbanization of information systems with a service oriented architecture according to the PRAXEME approach', '102', 5, '', '', 2),
(970, 23, 301, 2014, 'Collective memory based on semantic annotation among economic intelligence actors', '1', 4, '', '18-32', 2),
(971, 69, 301, 2014, 'Collective memory based on semantic annotation among economic intelligence actors', '1', 4, '', '18-32', 3),
(972, 23, 412, 2019, 'An improved fuzzy analytical hierarchy process for K-representative skyline web services selection', '5', 3, '', '', 3),
(973, 69, 67, 2006, 'Constitution deune memoire sur les risques dans les projets et son integration dans le systeme deinformation de leentreprise industrielle', '6', 3, '', '', 1),
(974, 23, 67, 2006, 'Constitution deune memoire sur les risques dans les projets et son integration dans le systeme deinformation de leentreprise industrielle', '6', 3, '', '', 2),
(975, 69, 278, 2017, 'Decision modelling: Methods and tools', '', 2, '', '', 3),
(976, 23, 278, 2017, 'Decision modelling: Methods and tools', '', 2, '', '', 2),
(977, 69, 370, 2017, 'QDflows: A System Driven by Knowledge Bases for Designing Quality-Aware Data flows', '8', 2, '', '1-39', 3),
(978, 23, 370, 2017, 'QDflows: A System Driven by Knowledge Bases for Designing Quality-Aware Data flows', '8', 2, '', '1-39', 2),
(979, 69, 450, 2019, 'An architectural framework for gamified information systems', '9', 1, '', '', 4),
(980, 23, 450, 2019, 'An architectural framework for gamified information systems', '9', 1, '', '', 3),
(981, 69, 465, 2014, 'Medical Knowledge Management since the Integration Heterogeneous Data until the Knowledge Exploitation in a Decision-making System?', '', 1, '', '', 3),
(982, 23, 465, 2014, 'Medical Knowledge Management since the Integration Heterogeneous Data until the Knowledge Exploitation in a Decision-making System?', '', 1, '', '', 2),
(983, 69, 192, 2007, 'A generic approach for the design of organizational decision support systems (ODSS)', '6', 1, '', '47-56', 1),
(984, 23, 192, 2007, 'A generic approach for the design of organizational decision support systems (ODSS)', '6', 1, '', '47-56', 2),
(985, 69, 337, 2023, 'An adaptive semantic annotation tool for teachers based on Context-Aware and Internet of Things', '', 0, '', '', 2),
(986, 23, 274, 2011, 'INTEGRATION OF PROFILE IN OLAP SYSTEMS', '', 0, '', '', 3),
(987, 69, 260, 2008, 'Organizational Decision Support System (ODSS) for the bidding process', '3', 0, '', '', 2),
(988, 23, 260, 2008, 'Organizational Decision Support System (ODSS) for the bidding process', '3', 0, '', '', 1),
(989, 23, 369, 2007, 'Using ant colonies to solve time-table problems', '7', 0, '', '213-217', 1),
(990, 23, 199, 2000, 'Methodes d approche des systemes de connaissance par les systemes d information, une etude comparative', '', 0, '', '277-285', 1),
(992, 23, 550, 0, 'Organisational Decision Support System Vs. Data Mining Methods pertinence to estimate and manage risk of innovative projects', '', 0, '', '', 2),
(993, 23, 550, 0, 'Profilisation et contextualisation des systemes OLAP: Apereu de leetat de leart', '', 0, '', '', 3),
(994, 23, 550, 0, 'A business corporate memory for the Risk Management during bidding process', '', 0, '', '', 2),
(995, 69, 195, 2019, 'EXODuS: exploratory OLAP over document stores', '79', 35, '', '44-57', 3),
(996, 69, 485, 2016, 'SOA: a new way to design the decision in SOAebased on the new standard Decision Model and Notation (DMN)', '10', 20, '', '35-53', 2),
(997, 69, 88, 2017, 'Enabling Self-Service BI on Document Stores.', '', 18, '', '', 3),
(998, 69, 329, 2013, 'Merging ontology by semantic enrichment and combining similarity measures', '8', 14, '', '65-74', 3),
(999, 69, 80, 2019, 'AuMixDw: Towards an automated hybrid approach for building XML data warehouses', '120', 8, '', '60-82', 4),
(1000, 69, 520, 2018, 'From KDD to KUBD: big data characteristics within the KDD process steps', '2', 8, '', '931-937', 3),
(1002, 69, 99, 2017, 'JSON datasets for exploratory OLAP', '', 7, '', '', 3),
(1003, 69, 362, 2014, 'Models and tools support to the Competitive Intelligence process', '4', 7, '', '', 2),
(1004, 69, 319, 2013, 'An overview of XML warehouse design approaches and techniques', '2', 7, '', '140-170', 2),
(1005, 69, 433, 2013, 'Soada: service oriented architecture with a decision aspect', '22', 7, '', '340-348', 2),
(1006, 69, 371, 2014, 'An Approach for Generating an XML Data Warehouse Schema using Model Transformation Language.', '12', 6, '', '', 2),
(1007, 69, 294, 2003, 'Une approche hybride pour la constitution deun referentiel risques', '3', 5, '', '', 1),
(1008, 69, 23, 2014, 'Soadsspm: a new service-oriented architecture of the decision support system for the project management', '', 4, '', '', 2),
(1009, 23, 301, 2014, 'Collective memory based on semantic annotation among economic intelligence actors', '1', 4, '', '18-32', 2),
(1010, 69, 411, 2013, 'Mapping system for merging ontologies', '', 4, '', '205-216', 3),
(1011, 69, 52, 2010, 'Une approche deingenierie des besoins pour la conception des systemes deinformation deintelligence economique', '', 3, '', '', 2),
(1012, 69, 175, 2014, 'A global and comprehensive approach for XML data warehouse design', '11', 2, '', '', 3),
(1013, 69, 423, 2014, 'Towards the automation of XML data warehouse logical design', '', 2, '', '', 3),
(1014, 69, 339, 2014, 'Soada: A new architecture to enrich soa with a decisional aspect', '', 2, '', '', 2),
(1015, 69, 309, 2012, 'Specification of useful information for the strategic decision support: risks-based approach', '4', 2, '', '276-293', 2),
(1016, 69, 326, 2022, 'New architecture of enterprise social networks for knowledge sharing within engineering school', '15', 1, '', '16-34', 2),
(1018, 69, 542, 2021, 'Big Data Stream Discretization Using ChiMerge Algorithm', '', 1, '', '527-534', 4),
(1020, 69, 441, 2019, 'A toolbox for information system evaluation', '2', 1, '', '', 2),
(1022, 69, 209, 2016, 'Extending the service oriented architecture to include a decisional components', '', 1, '', '185-199', 2),
(1023, 69, 131, 2015, 'A Formative Assessment Ontology for Students  Lab Reports in Lab Book', '15', 1, '', '', 3),
(1024, 69, 243, 2013, 'Semantic metadata mediation: XML, RDF and RuleML', '', 1, '', '', 3),
(1025, 69, 15, 2012, 'A New Decision Support System Based on Agents Dedicated to Service-Oriented Architectures', '4', 1, '', '', 2),
(1026, 69, 377, 2023, 'MDA4SOA+ d: A new model driven architecture to supporting decision making in SOA', '35', 0, '', '101544', 3),
(1027, 69, 542, 2022, 'Parabolic Threshold Discretization for Big Data', '', 0, '', '66-74', 4),
(1029, 69, 8, 2021, 'Decision Making in the Context of Natural Disasters Based on a Geographic Information System and the Internet of Things (IoT)', '', 0, '', '', 2),
(1030, 69, 414, 2018, 'Migration of Diabetes Diagnosis System to Service-Oriented Architectures: Using Decision Model and Notation', '', 0, '', '27-42', 4),
(1031, 20, 414, 2018, 'Migration of Diabetes Diagnosis System to Service-Oriented Architectures: Using Decision Model and Notation', '', 0, '', '27-42', 1),
(1032, 69, 342, 2018, 'Automatic summary of teachers  error feedback based on taxonomy', '10', 0, '', '22-43', 4),
(1033, 69, 329, 2015, 'Reconciliation model of heterogeneous information in decisional information systems', '10', 0, '', '37-54', 3),
(1034, 69, 92, 2013, 'Le management des risques: Dans le processus de reponse e un appel d offres', '', 0, '', '', 1),
(1035, 69, 302, 2012, 'Multi-level Metadata Integration System: XML, RDF and RuleML', '6', 0, '', '249-254', 3),
(1036, 69, 546, 2003, 'An assistance environment for the classification of knowledge on risk project.', '2', 0, '', '515-520', 1),
(1037, 69, 550, 0, 'Decision Making in the Context of Natural Disasters Based on a Geographic Information System and the Internet of Things (IoT)', '', 0, '', '', 2),
(1038, 69, 87, 0, 'XSDIAG, outil d aide au diagnostic des pannes des equipements industriels', '', 0, '', '', 1),
(1039, 69, 550, 0, 'Une grille de lecture des outils d aide e la decision', '', 0, '', '', 2),
(1040, 69, 550, 0, 'Decision Making and Service Oriented Architecture for Recruitment Process. Using the New Standard Decision Model and Notation (DMN)', '', 0, '', '', 3),
(1041, 69, 550, 0, 'INTEGRATION DU WEB SEMANTIQUE DANS LES GRILLES DE SERVICES', '', 0, '', '', 5),
(1042, 69, 550, 0, 'Une architecture optimisee pour le support de services deutilisateurs mobiles eOptimized IP based architecture for mobile userse service supporte', '', 0, '', '', 4),
(1043, 1, 550, 0, 'Une architecture optimisee pour le support de services deutilisateurs mobiles eOptimized IP based architecture for mobile userse service supporte', '', 0, '', '', 3),
(1044, 69, 550, 0, 'Les elements conceptuels deune approche deexpression des besoins pour la conception des systemes deintelligence economique', '', 0, '', '', 2),
(1045, 1, 550, 0, 'Les elements conceptuels deune approche deexpression des besoins pour la conception des systemes deintelligence economique', '', 0, '', '', 1),
(1046, 69, 550, 0, 'Un protocole de negociation pour l ordonnancement distribue Multi-Agents deun Atelier Job-Shop', '', 0, '', '', 3),
(1047, 69, 550, 0, 'Un systeme deinformation pour filemanagement des connaissances sur les risques projet', '', 0, '', '', 1),
(1048, 69, 550, 0, 'Approche Cooperative Multi-Agents pour l Ordonnancement Distribue deun Atelier Job-Shop', '', 0, '', '', 3),
(1050, 46, 484, 2022, 'Product Quality Assessment in the Internet of Things: A Consumer-Oriented Approach', '22', 0, '', '', 1),
(1052, 79, 234, 2023, 'SuperChain: Decentralized and Trustful Supervised Learning over Blockchain', '5', 0, '', '', 1),
(1053, 79, 281, 2021, 'ClusterChain: Decentralized and Trustworthy Clustering Over Blockchain', '', 0, '', '1-6', 1),
(1054, 46, 495, 2010, 'A Framework for Free and Open Source Software Best Practices', '', 0, '', '', 1),
(1067, 52, 228, 2023, 'RDC-Repair: Towards a Relevance-Driven Approach for Data and Constraints Repair', '', 0, '', '448-468', 1);

insert into `lmcs_conf_journal` (`Conf_Journal_id`,`nom`,`acronyme`,`p_type`,`lien`,`maison_edition`,`periodicite`,`core_classification`,`scimago_classification`,`qualis_classification`,`dgrsdt_classification`) VALUES
(600,'Neural Comput. Appl.','IJCCI','Conference','https://dblp.org/db/conf/ijcci/','','','','','',''),
(601,'ISC2','ISC2','Conference','https://dblp.org/db/conf/isc2/','','','','','',''),
(602,'IEEE Trans. Autom. Control.','IEEE TAC','Journal','https://dblp.org/db/journals/tac/','','','','','',''),
(603,'ICASSP','ICASSP','Conference','https://dblp.org/db/conf/icassp/','','','','','',''),
(604,'Multimedia on Mobile Devices / Multimedia Content Access - Algorithms and Systems	Multimedia on Mobile Devices / Multimedia Content Access - Algorithms and Systems','MMD / MCA - AMMD / MCA - AS','Conference','','','','','','',''),
(605,'IEEE Trans. Pattern Anal. Mach. Intell.','TPAMI','Journal','https://dblp.org/db/journals/pami/','','','','','',''),
(606,'IGARSS','IGARSS','Conference','https://dblp.org/db/conf/igarss/','','','','','',''),
(607,'Image Vis. Comput.','Image Vis. Comput.','Journal','https://dblp.org/db/journals/cvgip/','','','','','',''),
(608,'Comput. Vis. Image Underst.','MM','Conference','https://dblp.org/db/conf/mm/','','','','','',''),
(609,'ICIP','ICIP','Conference','https://dblp.org/db/conf/icip/','','','','','',''),
(610,'IEEE Syst. J.','IEEE Syst. J.','Journal','https://dblp.org/db/journals/tsmc/','','','','','',''),
(611,'IEEE IA','IAS','Conference','https://dblp.org/db/conf/IEEEias/','','','','','',''),
(612,'JFSMA','JFSMA','Conference','https://dblp.org/db/conf/jfsma/','','','','','',''),
(613,'MEDES','MEDES','Conference','https://dblp.org/db/conf/medes/','','','','','',''),
(614,'IWINAC','IWINAC','Conference','https://dblp.org/db/conf/iwinac/','','','','','',''),
(615,'SMC','SMC','Conference','https://dblp.org/db/conf/smc/','','','','','',''),
(616,'J. Ambient Intell. Humaniz. Comput.','J. Ambient Intell. Humaniz. Comput.','Journal','https://dblp.org/db/journals/jaihc/','','','','','',''),
(617,'IDC','IDC','Conference','https://dblp.org/db/conf/acmidc/','','','','','',''),
(618,'3PGCIC','3PGCIC','Conference','https://dblp.org/db/conf/3pgcic/','','','','','',''),
(619,'DCAI','DCAI','Conference','https://dblp.org/db/conf/dcai/','','','','','',''),
(620,'FNC/MobiSPC','FNC','Conference','https://dblp.org/db/conf/fnc/','','','','','',''),
(621,'HPCC/CSS/ICESS','HPCC/CSS/ICESS','Conference','','','','','','',''),
(622,'NBiS','NBiS','Conference','https://dblp.org/db/conf/nbis/','','','','','',''),
(623,'ICITST','ICITST','Conference','https://dblp.org/db/conf/icitst/','','','','','',''),
(624,'ICWIT','ICWIT','Conference','https://dblp.org/db/conf/icwit/','','','','','',''),
(625,'Int. J. Parallel Program.','','Journal','https://dblp.org/db/journals/ijpp/','','','','','',''),
(626,'ICAART','ICAART','Conference','https://dblp.org/db/conf/icaart/','','','','','',''),
(627,'WEBIST','WEBIST','Conference','https://dblp.org/db/conf/webist/','','','','','',''),
(628,'CoRR','PLDI','Conference','https://dblp.org/db/conf/pldi/','','','','','','');





insert into `lmcs_projet` (`id_projet`,`titre_projet`,`chef_de_projet`,`domaine`,`anne_debut`,`anne_fin`) values
(1, 'Technologies du web et de Data-Mining eu Service du E-learning. ', '', '', '2014', '2022'),
(2, 'AnSegIRM-3D Annotation semantique et segmentation 3D des structures et des tumeurs cerebrales dans des images IRM-3D ', '', '', '2014', '2022'),
(3, 'Systeme collaboratif communicant sans fil pour la surveillance des deux de forets. ', '', '', '2014', '2022'),
(4, 'Architectures robustes pour leordonnancement de la production en presence de la maintenance dans le milieu industriel. ', '', '', '2013', '2022'),
(5, 'Plate-forme collaborative support au processus transverse e Stages conventionnes en entreprise e dediee aux ecoles deingenieurs ', '', '', '2013', '2022'),
(6, 'Conception de reseaux de capteurs sans fil e base de systemes multi-agents embarques ', '', '', '2013', '2022'),
(7, 'Modeles et outils pour la modelisation de leenvironnement deune entreprise ', '', '', '2013', '2022'),
(8, 'eSCapP Reseaux sociaux et apprentissage ', '', '', '2012', '2022'),
(9, 'MED-IMA ', '', '', '2012', '2022'),
(10, 'OMAA : Outils et methodes pour un apprentissage actif. ', '', '', '2012', '2022'),
(11, 'Approches biomimetiques pour leoptimisation combinatoire ', '', '', '2012', '2022'),
(12, 'SDAM : Social Data Analysis and Monitoring.', 'AZOUAOU Faieal', '', '2019', '2024'),
(13, 'BCsCAR : Base de Connaissances sur la Causalite des Accidents de la Route.', 'NADER Fahima', '', '2019', '2024'),
(14, 'Hyperheuristiques pour leoptimisation combinatoire.', 'BESSEDIK Malika', '', '2019', '2024'),
(15, 'Les reseaux sur puces (NoCs : Network-on-Chips tolerants aux fautes).', 'KOUDIL Mouloud', '', '2019', '2024'),
(16, 'Robustesse des systemes Cyber-Physiques Intelligents.', 'CHALLAL Yacine', '', '2020', '2024'),
(17, 'EATLV : E-Apprentissage Tout au Long de la Vie.', 'BOUSBIA Nabil', '', '2021', '2024'),
(18, 'OGDIVAA, Open Government Data Initiatives and Value delivery for Algerian         public Agencies.', 'GHOMARI Abdessamed Reda', '', '2021', '2024'),
(19, 'Techniques deapprentissage profond pour la segmentation automatique des gliomes HGG et LGG et des structures intra-tumorales dans IRM-3D cerebrales mulimodales.', 'KERMI Adel', '', '2022', '2024'),
(20, 'EvalSIGuide : Cadre methodologique deevaluation des systemes deinformation.', 'CHALAL Rachid', '', '2022', '2024'),
(21, 'Gestion resiliante, preventive et reactive des catastrophes naturelles.', 'BENATCHBA Karima', '', '2022', '2024');

insert into `lmcs_checheursprojets` (`id`,`id_chercheur_id`,`id_projet_id`) values
('1', '48', '1'),
('2', '84', '1'),
('3', '8', '2'),
('4', '43', '3'),
('5', '83', '3'),
('6', '20', '4'),
('7', '42', '4'),
('8', '57', '5'),
('9', '43', '6'),
('10', '83', '6'),
('11', '23', '7'),
('12', '69', '7'),
('13', '8', '9'),
('14', '61', '9'),
('15', '18', '9'),
('16', '1', '10'),
('17', '48', '10'),
('18', '34', '11'),
('19', '23', '13'),
('20', '42', '14'),
('21', '20', '14'),
('22', '43', '15'),
('23', '83', '15'),
('24', '48', '17'),
('25', '1', '17'),
('26', '57', '18'),
('27', '87', '18'),
('28', '8', '19'),
('29', '61', '19'),
('30', '69', '20'),
('31', '34', '21');
INSERT INTO `lmcs_encadrement` (`id_encadrement`, `type_encadrement`, `intitule`, `role_chercheur`, `anne_debut`, `anne_fin`, `nom_prenom_etd1`, `nom_prenom_etd2`,`role_chercheur2`) VALUES
(2, 'Doctorat', '', 'encadreur', 2020, 2021, 'KHALDI Amina', '',''),
(1, 'Doctorat', '', 'encadreur', 2020, 2021, 'BOUZARA Ayoub', '',''),
(3, 'Doctorat', 'Ameliorer la gouvernance des donnees des ecosystemes: Application e leEnseignement Superieur.', 'encadreur', 2020, 2021, 'BOUDJEDIEN Fodil', '',''),
(4, 'Doctorat', 'Approches intelligentes et paralleles pour leanalyse structurelle et conceptuelle des reseaux sociaux.', 'encadreur', 2018, 2019, 'DJAHNIT Hadjer', '',''),
(5, 'Doctorat', 'Predictive Monitoring in Business Processes.', 'encadreur', 2021, 2022, 'HARKAT Kamel', '',''),
(6, 'Doctorat', 'Approche de detection et de reparation des anomalies dans les Donnees Massives.', 'encadreur', 2019, 2020, 'NADJEH Nibel', '',''),
(7, 'Doctorat', 'Resolution des problemes deordonnancement de type Flow shop avec des periodes de maintenance predictive et un effet de deterioration et deapprentissage.', 'encadreur', 2019, 2020, 'TOUAFEK Nesrine', '',''),
(8, 'Doctorat', 'Machine learning based program parallelization.', 'encadreur', 2019, 2020, 'HAKIMI Yacine', '',''),
(9, 'Doctorat', '', 'encadreur', 2018, 2019, 'KHENFOUCI Yamina', '',''),
(10,'Doctorat', 'Approches intelligentes et hybrides pour laDetection de communautes chevauchantes dans les reseaux sociaux dynamique.', 'encadreur', 2017, 2018, 'BELDI Zohra', '','');

INSERT INTO `lmcs_checheursencadrements` (`id`,`chercheur_id`, `encadrement_id`) VALUES
(1, 8, 1),
(2, 20, 7),
(3, 23, 2),
(4, 23, 6),
(5, 42, 4),
(6, 42, 10),
(7, 57, 3),
(8, 57, 5);